,caption
0,"1girl, hatsune miku, vocaloid, blue eyes, blue hair, bowl, can, chopsticks, collared shirt, detached sleeves, eating, elbow rest, fish \(food\), food, holding, holding chopsticks, katsudon \(food\), long hair, long sleeves, looking at viewer, meal, nail polish, necktie, noodles, onigiri, plate, ramen, sashimi, shirt, shrimp, shrimp tempura, sleeveless, sleeveless shirt, solo, spring onion, tempura, twintails"
1,"masterpiece, high score, great score, absurdres, 1girl, arima kana, oshi no ko, hoshimachi suisei, hoshimachi suisei \(1st costume\), cosplay, looking at viewer, smile, outdoors, night, v, masterpiece, high score, great score, absurdres"
2,"4girls, multiple girls, gotoh hitori, ijichi nijika, kita ikuyo, yamada ryo, bocchi the rock!,  ahoge, black shirt, blank eyes, blonde hair, blue eyes, blue hair, brown sweater, collared shirt, cube hair ornament, detached ahoge, empty eyes, green eyes, hair ornament, hairclip, kessoku band, long sleeves, looking at viewer, medium hair, mole, mole under eye, one side up, pink hair, pink track suit, red eyes, red hair, sailor collar, school uniform, serafuku, shirt, shuka high school uniform, side ahoge, side ponytail, sweater, sweater vest, track suit, white shirt, yellow eyes, painterly, impressionism, faux traditional media, v, double v, waving"
3,"1girl, vertin \(reverse:1999\), reverse:1999, black umbrella, headwear, suitcase, looking at viewer, rain, night, city, bridge, from side, dutch angle, upper body"
4,"1boy, vash the stampede, trigun stampede, red jacket, sunglasses, gun, hand on own hip, aiming, standing, looking at viewer, upper body, desert, cliff, cowboy shot"
5,"1girl, 1boy, c.c., lelouch vi britannia, year 2024, code geass, ascot, bare shoulders, black choker, black hair, blue flower, blue rose, breasts, bush, choker, closed mouth, collarbone, couple, dress, flower, frills, green hair, hetero, long hair, long sleeves, looking at another, medium breasts, off-shoulder dress, off shoulder, parted lips, purple ascot, purple eyes, rose, short hair, sitting, straight hair, yellow eyes"
6,"masterpiece, best quality, high score, great score, absurdres, 1girl, hoshimi miyabi, tailless \(zenless zone zero\), zenless zone zero, unsheathing, wolf ears, katana, serious"
7,"masterpiece, best quality, high score, great score, absurdres, pointy ears, 1girl, frieren, sousou no frieren, long hair, 1boy, flower, head wreath, smile, petals, earrings, jewelry, shirt, elf, blue flower, looking at another, outdoors, green eyes, upper body, long sleeves, striped shirt, striped, sky, solo focus, closed mouth, white hair, falling petals"
8,"masterpiece, best quality, high score, great score, absurdres, 1girl, amiya \(arknights\), arknights, dirty face, outstretched hand, foreshortening, upper body, dark, dark background, from above, depth of field, faux traditional media, painterly, impressionism, photo background"
9,"masterpiece, best quality, high score, great score, absurdres, 1girl, mita \(miside\), miside, blue eyes, low twintails, red hairband, blue scrunchie, red hairclip, red choker, finger to mouth, partially shaded face, head tilt, gesugao, smirk, upper body, dark background, dark"
10,"masterpiece, best quality, high score, great score, absurdres, 3girls, chen, yakumo ran, yakumo yukari, touhou, sitting, leaning on person, smile, tatami, sliding doors"
11,"masterpiece, best quality, high score, great score, absurdres, 1girl, zani \(wuthering waves\), wuthering waves, horns, red eyes, glowing eyes, looking at viewer, adjusting gloves, black gloves, from side, dark background, upper body"
12,"masterpiece, best quality, high score, great score, absurdres, 1boy, 1girl, ayase momo, takakura ken \(dandadan\), dandadan, leaning on person, rooftop, night, cowboy shot, cyberpunk, vaporwave, neon, vibes, vibrant, stunningly beautiful, crisp, detailed, sleek, ultramodern, magenta highlights, dark purple shadows, high contrast"
13,"safe_pos, 1girl, arima kana, oshi no ko, solo, looking at viewer, facing viewer, incoming food, blush, smile, table, spoon, holding spoon, film grain, food, fork, green sweater, hamburger steak, medium hair, off shoulder, off-shoulder sweater, omelet, red eyes, red hair, restaurant, sweater, table, hand up, medium breasts, yellow sweater, wooden table, indoors, light blush, light rays, miso soup, plant, pov, sunlight, table, portrait, pov across table, sitting, table, depth of field, chromatic aberration, faux traditional media, painterly, impressionism, photo background, masterpiece, high score, great score, absurdres"
14,"safe_pos, masterpiece, high score, great score, absurdres, 1girl, iwakura lain, serial experiments lain, asymmetrical hair, bare shoulders, breasts, brown hair, cable, closed mouth, computer, crt, dark, dress, gun, hair ornament, hairclip, handgun, indoors, looking at viewer, monitor, red eyes, short hair, sig p220/p226, sig sauer, sleeveless, small breasts, solo, weapon, white dress, x hair ornament, darkness, dark room, from above, photo background, spot colors, dutch angle, dark, chromatic aberration, faux traditional media, painterly, cold color, impressionism"
15,"masterpiece, high score, great score, absurdres, 1girl, remilia scarlet, touhou, solo, cowboy shot, dutch angle, outdoors, looking at viewer, finger in own mouth, frilled sleeves, frills, hair between eyes, hands up, hat, hat ribbon, indoors, light blush, light particles, long sleeves, medium hair, mob cap, parted lips, red eyes, red ribbon, red sash, ribbon, sash, stained glass, white hat, wide sleeves, window, wing collar, sensitive, dutch angle, anime coloring, depth of field, faux traditional media, painterly, impressionism, photo background"
16,"masterpiece, high score, great score, absurdres, 1girl, toga himiko, solo, blood, blonde hair, hair bun, knife, double bun, yellow eyes, holding knife, fangs, open mouth, teeth, school uniform, smile, hand on own face, holding, looking at viewer, blood on face, serafuku, sailor collar, blunt bangs, long sleeves, cardigan, messy hair, weapon, blue sailor collar, yellow cardigan, blood on weapon, blood on knife, crazy smile, hand on own cheek, slit pupils, collarbone, holding weapon, skirt, upper body, narrowed eyes, bags under eyes, night, dark,depth of field, chromatic aberration, faux traditional media, painterly, drop shadow, blood, multicolored backgroun, warm color, colorful, impressionism, photo background"
17,"1girl, arima kana, oshi no ko, hoshimachi suisei, hoshimachi suisei \(1st costume\), cosplay, looking at viewer, smile, outdoors, night, v, masterpiece, high score, great score, absurdres"
18,"1girl, souryuu asuka langley, neon genesis evangelion, eyepatch, red plugsuit, sitting, on throne, crossed legs, head tilt, holding weapon, lance of longinus \\(evangelion\\), cowboy shot, depth of field, faux traditional media, painterly, impressionism, photo background"
19,"masterpiece, high score, great score, absurdres,vivid,clear skin,shiny hair,cute girl,cute face,kawaii,beautiful eyes,real skin,lips,,(oni girl,bangs,white hair:1.1),(short hair,bob cut,white forehead horns,short horns,pink hair tips,pink eyes:1), kimono,japanese clothes  selfie, holding smartphone, reflection, mirror"
20,"1girl, hatsune miku, solo, green hair, twintails, long hair, school uniform, autumn, floating leaves, crooked head, looking at viewer, open mouth, closed eyes, smile, blush, spread arms, lying on plenty of leaves, incoming hug, masterpiece, extremely detailed CG unity 8k wallpaper, ultra-detailed, depth of field, best illumination, best shadow, an extremely delicate and beautiful, cowboy shot, from above, masterpiece, high score, great score, absurdres"
21,"safe_pos, masterpiece,best quality,newest,absurdres,highres,,from front,pov,portrait,1girl, beautiful face, perfect eyes, detailed eyes,slim body,mature female,black hair)blunt bang,long hair, straight hair,red eyes,looking at viewer,tilt head down,sad,blood tears,parted lips,large breasts,serafuku,red neckerchief,holding spider lily, smelling,blurry background, dark background,red moon,flower background"
22,"(masterpiece), (best quality), (high score), great score, absurdres, 1girl, theresa \(arknights\), medium shot, (mature:1.3), white hair, grey eyes, rabbit ears,  (sad:1.2), tears,  light smile, reaching towards viewer, holding gift, gift box, (valentine), love sign, outdoors, tower, night, ruins"
23,"best quality, absurdres, 1girl, lady, 20yo, blond hair, (blush:1.3), blue eyes, pov, loolking at away, chocolate, eat chocolate, holding chocolate, present chocolate,  tareme, white cat hood, paw gloves, present ribbon, red ribbon, warm hues, heart pouch,  sunshine, frilled wristband, holy_aura, delicate_lighting, focus_on_girl, intricate_details, soft_shading, nail polish, highres, lens flare"
24,"1boy, 1girl, hug, 1boy, knight, armor, helmet, sit, grin,1girl,dark hair, long hair, closed eyes, open mouth, happy, blush, dress, boots,outside, ruin, flower,masterpiece, high score, great score, absurdres"
25,"(1 girl , solo ,umamusume , fractangles,Cyberspace(vivlos_\(umamusume\) :1.5), 1girl , animal_ears , ) belt , beret , brown_hair , hair_between_eyes , hair_ornament , hat , horse_ears , horse_girl , mole , mole_under_eye , ribbon , , solo ,  twintails ,"
26,"1boy, sad, knight, armor, short hair, dark hair, kneel, clenching teeth, tears, carrying,1girl, sad, dark hair, long hair, faceless, blood on mouth, dress, boots,outside, medieval, ruin, rain,masterpiece, high score, great score, absurdres"
27,"Landscape, night, Flower, particle, sky, stars,1boy, sad, faceless, sit, knight, armor, short hair, dark hair, parted lips,1girl, lying on chest, sad, dark hair, long hair, closed eyes, blood on mouth, dress,ais-particlez,masterpiece, high score, great score, absurdres"
28,"4girls, multiple girls, gotoh hitori, ijichi nijika, kita ikuyo, yamada ryo, bocchi the rock!, modare, ahoge, black shirt, blank eyes, blonde hair, blue eyes, blue hair, brown sweater, collared shirt, cube hair ornament, detached ahoge, empty eyes, green eyes, hair ornament, hairclip, kessoku band, long sleeves, looking at viewer, medium hair, mole, mole under eye, one side up, pink hair, pink track suit, red eyes, red hair, sailor collar, school uniform, serafuku, shirt, shuka high school uniform, side ahoge, side ponytail, sweater, sweater vest, track suit, white shirt, yellow eyes, masterpiece, high score, great score, absurdres"
29,"1girl, apron, apron hold, bangs, black dress, blue sky, blunt bangs, blush, boat, building, city, cityscape, closed mouth, cloud, cloudy sky, collared dress, day, dock, dress, expressionless, faux oil painting, faux painting, faux traditional media, frilled apron, frills, green eyes, green hair, half-closed eyes, horizon, impressionism, jitome, juliet sleeves, lighthouse, long sleeves, looking at viewer, maid, maid apron, maid headdress, medium hair, muted color, ocean, outdoors, painterly, pier, puffy sleeves, reflection, scenery, short hair, short twintails, sky, sleeve cuffs, solo, standing, town, twintails, upper body, water, watercraft, white apron, high score, great score, absurdres"
30,"masterpiece, high score, great score, absurdres, 1girl, whale, scenery, car, outdoors, building, city, skirt, school uniform, solo, motor vehicle, sky, short hair, flying fish, serafuku, standing, from behind, pleated skirt, black skirt, surreal, long sleeves, facing away, outstretched arm, sailor collar, cityscape, skyscraper, reaching, wide shot, socks, blue sky, cloud, animal, oversized animal, black shirt, fish, shirt, kneehighs, black socks, depth of field, chromatic aberration, glitch, faux traditional media, cold colors, photo background, faux traditional media, abstract, fog, oil painting, painterly, impressionism, snow and warm contrast"
31,"(masterpiece: 1.2), (best quality: 1.2), very aesthetic, 4k, (InkPunk: 1.2), dynamic pose,(red tones: 1.4), vivid color, deep colors,dramatic lighting, intricate details, thick contours, volumetric shadows, Expressiveh,1 girl, solo, 1 girl, solo,angel girl,angel wings,huge wings,silver eyes,blonde hair,very long hair,lotus tattoo,forehead tattoo,halo, (rage: 1.4), calling, red negligee, Holding a sword, dual wielding,fighting stance, upper body, (splashing: 1.4), motherland mother,white background,"
32,"masterpiece, high score, great score, absurdres, blonde hair, purple eyes, , 1girl, solo, evelyn chevalier, braided bun, hair up, black hair ribbon, earpiece, thigh holster, high-waist tight pants, black gloves, collared sleeveless shirt, chest harness, arm strap, single gauntlet, yellow necktie, pendant choker, cowboy shot, bedroom, sitting on bed, bedroom, finger to mouth, head tilt, parted lips, looking at viewer, blush, depth of field"
33,"safe_pos, 1girl, tohsaka rin, fate \(series\), fate/stay night, black hair, black skirt, blue eyes, breasts, building, coat, from side, full moon, looking at viewer, medium breasts, moon, night, night sky, reaching, reaching towards viewer, red coat, skirt, sky, skyscraper, solo, star \(sky\), starry sky, two side up, upper body, masterpiece, high score, great score, absurdres"
34,"masterpiece, best quality, high score, great score, absurdres, score_9, score_8_up, score_7_up, detailed, 1girl, solo, intricate details, chromatic aberration, realistic, long hair, pink hair, red head ornament, pink highlights, hair over one eye, purple eyes, earrings, sharp eyes, choker, neon shirt, torn legwear, open jacket, turtleneck sweater, night,against wall, brick wall, graffiti, dim lighting, alley, looking at viewer"
35,"masterpiece, best quality, great score, highres, intricate details, 4k, stunning, absurdres, 1 girl, Ganyu, horns, solo, closeup, black negligee, long hair, looking at viewer, lying, from side, cute, blush, shy smile, pillow, erotic,"
36,"masterpiece, high score, great score, absurdres, takamatsu tomori and penguin, animal, looking at viewer, snow, a penguin that has girl face, weapon on back,"
37,"masterpiece, best quality, great score, highres, intricate details, 4k, stunning, absurdres, 1 girl, Ganyu, horns, solo, closeup, black negligee, long hair, looking at viewer, lying, from side, cute, blush, shy smile, pillow, erotic,"
38,"masterpiece, best quality, great score, highres, intricate details, 4k, stunning, absurdres, 1 woman, Ganyu, long hair flutters in the wind, looking at viewer, looking behind, adjusting hair, tucking hair behind ear, blush, parted lips, fantasy background, magical, windy, beautiful landscape, upperbody"
39,"masterpiece, high score, great score, absurdres,yoneyama mai, diyokama, fuzichoco, flat color, no lineart, blending, negative space,1girl, solo, cyan hair, twintails, hatsune miku, black sclera, slit pupils, smug, open mouth, unbuttoned, pajamas, oversized shirt, white shirt, sleeves past wrists, sitting, wariza, shelf, book, uno \(game\), blue light, window"
40,"masterpiece, best quality, great score, highres, intricate details, 4k, stunning, absurdres, 1 woman, Ganyu, maid clothes, Victorian style, full sleeves, long apron, maid mob cap, sitting on bed, cute wariza, looking up, looking at viewer, cute smile, closed mouth, tender, blush, gothic Victorian room"
41,"safe_pos, 1girl, Asuka Souryuu Langley, Neon Genesis Evangelion, solo, orange hair, fisheye lens, depth of field, long hair, red body suit, kneeling, huge blood pool, endless flower field, blood trail, detailed eyes, from above, blood swirl effect, special effect, head tilt,blue eyes, looking at viewer, very aesthetic, intricate eyes, focused, despairing shock, blood running from eyes, small breasts, ripped clothes, close up, destroyed body suit, night, destruction, outside, beautiful female, detailed, cinematic, dynamic shot, mature woman, masterpiece, high score, great score, absurdres"
42,"safe_pos, masterpiece,best quality,newest,absurdres,highres,upper body,dutch angle, 1girl, beautiful face, detailed eyes,slim body,mature female,black hair,blunt bang,long hair, straight hair,red eyes,looking at viewer,head tilt,parted lips,blush,light smile,large breasts,serafuku,red neckerchief,shirts overhang,adjusting hair,sunset,sakura tree, petals,"
43,"masterpiece, high score, great score, absurdres,A giant cat is naturally blending into the crowds of the city."
44,"masterpiece, best quality, great score, highres, intricate details, 4k, stunning, absurdres, 1 woman, Ganyu, maid clothes, Victorian style, full sleeves, long apron, maid mob cap, sitting on bed, cute wariza, looking up, looking at viewer, cute smile, closed mouth, tender, blush, gothic Victorian room"
45,"long messy magenta hair, messy hair, long hair, dark magenta hair, hair between eyes, pastel pink eyes,masterpiece, best quality, amazing quality, absurdres, very aesthetic, intricate details, extreme detail, detailed eyes,1 girl, solo, face focus, close-up, looking at viewer, smug, dark room, extreme close-up, shadows, darkness, shiny eyes, completely dark room,w4sh1ya0, by washiya0"
46,"safe_pos, akane \(blue archive\),halo,large breasts, masterpiece, high score, great score, absurdres, 1girl, halo, solo, glasses, skirt, bow, smile, black skirt, school uniform, long hair, cardigan, looking at viewer, light brown hair, bowtie, black-framed eyewear, pleated skirt, bag, blue bow, hair between eyes, long sleeves, aqua bow, brown eyes, collared shirt, blue bowtie, school bag, train interior, shirt, blush, aqua bowtie, closed mouth, hand grip, yellow cardigan, white shirt, bus, breasts, black bag, shoulder bag, scrunchie, holding, brown hair, cowboy shot, large breasts, motor vehicle, photo background, spot colors, dutch angle, chromatic aberration, faux traditional media, painterly, cold color, impressionism"
47,"masterpiece, high score, great score, absurdres, , 1girl,solo,  , sitting on chair, Food on table, Chinese food, several mugs, blush,Multiple dishes, toasting, Multiple dishes, toasts, orange juice, having juice, (smile,happy), Fern (Sousou no Frieren),(sloppy body, saggy boobs:0.8),masterpiece, high score, great score, absurdres, reflection, , motion blur, depth of field, faux traditional media,"
48,"masterpiece, best quality, great score, highres, intricate details, 4k, stunning, absurdres very cute, cute details, 1girl, solo, Ganyu, horns, black cat costume, cat paws, blush, open mouth, annoyed, forced pose, cat pose, wariza sitting, closeup, from above, looking at viewer, bedroom, cute room, stuffed toys"
49,"masterpiece, high score, great score, absurdres, reflection, , motion blur, depth of field, faux traditional media,1girl,, Fork and knife, , eating, meat \(food\), food, holding, holding fork, , meal, , onigiri, plate, Multiple beef, Ice water,cheval_grand(umamusume),horse girl,green hoodie,"
50,"1girl, realface, flying, sky, sunset,"
51,"masterpiece, high score, great score, absurdres, 1girl, indoors, looking at viewer, tohru \(maidragon\), kobayashi-san chi no maidragon, 1girl, maid, maid headdress, maid, dragon horns, dragon tail, large tail, fang, orange eyes, hair between eyes, red eyes, slit pupils, blonde hair, long hair, orange hair, gradient hair, very long hair, twintails, large breasts, white gloves, elbow gloves, puffy short sleeves, dragon girl, cowboy shot,"
52,"dutch angle,1boy, standing, dark hair, mask, tactical vest, futuristic armor,battlefield, desert,masterpiece, best quality, high score, great score, good score, absurdres"
53,"masterpiece, high score, great score, absurdres,yoneyama mai, 1girl, souryuu asuka langley, neon genesis evangelion, rebuild of evangelion, solo, detailed beautiful face and eyes, crimson eyes, lips, red hair, loose braid, sitting, indoors, café, reading book, window seat, coffee cup, pastry, warm sunlight, wooden furniture, peaceful atmosphere, Striped linen blouse with a boxy silhouette and wide sleeves, designed by Sander Lak for Sies Marjan, stylish outfit, Natural Movements, from behind, looking back, (from above:0.4), (dutch angle:0), mid-range shot, body emphasis, tight framing, ruffled clothing, looking away, High-Definition Anime Character Detailing, Polished Anime Illustration, Japanese Artistic Style with Enhanced Clarity, Anime Ultra HD, Anime Style with Realistic Textures, Crisp Anime Lines, Vivid Anime Colors, Rich Color Palette in Anime, Smooth Shading in Anime Style, Anime with Depth of Field Effect, high contrast, Professional fashion editorial feel, ethereal, highly detailed, ultra detailed, insanely detailed, fine texture, crisp detail, crisp edges,"
54,"masterpiece, best aesthetic, best quality,smile, happy, v,japanese kimono,  Aim for entries as eye-popping as a bowl of your favorite morning treat."
55,"(masterpiece, best quality:1.2), amazing quality, very aesthetic, absurdres, perfect detail,stone floor, blue sky, portrait, from below sitting, indian style, eating ramen, holding donburi, holding chopsticks, expressionless, closed eyes, solo, jigita, red hair, short hair, hairclip, white dougi, brown sash, collarbone, short sleeves,"
56,"masterpiece, high score, great score, absurdres, safe, dramatic lighting, 1girl, ,"
57,"Masterpiece, cute smiling boy Kagamine Len, normal build, yellow hair, location: winter in Japan, playing with snowmen, looking straight at the camera"
58,"masterpiece, best quality, great score, highres, intricate details, 4k, stunning, absurdres, 1 woman, Ganyu, long hair, yellow kimono, floral pattern, dramatic scene, wind blowing, hair flowing through hair, sakura petals, beautiful scene, blush, shy smile, sitting, hugging own legs, head resting on knees, headtilt, looking at viewer, from side, dutch angel, closeup, plain background"
59,"1girl, yellow raincoat, solo, holding red balloon, cyan wall, pink sky, cinematic still from Wes Anderson movie, masterpiece, high score, great score, absurdres"
60,"masterpiece, best quality, high score, great score, absurdres, highres, absurdres, ultra-detailed, incredibly detailed, extremely detailed CG unity 8k wallpaper, UHD, 4K, 8K, highest detailed, ultra sharp focus, hyperdetailed, ultra crisp edges, high fidelity, high resolution, stunning, 1girl, souryuu asuka langley, neon genesis evangelion, rebuild of evangelion, detailed beautiful face, perfect face, expressive eyes, detailed beautiful eyes, lips, gorgeous lips, parted lips, artistic facial structure, looking at viewer, fashion pose, wind, floating hair, off shoulder, bare shoulder, dress, fashion editorial close-up shot, high fashion illustration, Professional fashion illustration, Vogue-style portrait,soft yet defined contours, ultra refined linework, minimalistic elegance, airy composition, negative space, ethereal lighting, delicate shading, flat color, clean color, cel shading, high-fashion photography, artistic editorial aesthetic, soft matte textures, subtle gradients, refined expression, crisp yet delicate lines, year 2025, faux traditional media, fine texture, crisp detail, crisp edges, lifelike, depth of field, bokeh,"
61,"Masterpiece, high score, great score, absurdres, somechibi, chibi, 1girl, asian, solo, blonde hair, hair bun, , double bun, yellow eyes, fangs, open mouth, teeth, school uniform, smile, hand on own face, holding, looking at viewer, serafuku, sailor collar, blunt bangs,long sleeves, cardigan, messy hair, weapon, blue sailor collar, yellow cardigan, crazy smile, hand on own cheek, slit pupils, collarbone, holding weapon, skirt,full body, narrowed eyes, bags under eyes, night, dark,depth of field, chromatic aberration, faux traditional media, painterly, drop shadow, multicolored background, warm color, colorful, impressionism, photo background,"
62,"cowboy shot,1girl, solo, sit, pale, red eyes, happy, dark hair, witch, white outfit, white witch hat, gothic, cute, miasma, steam,outdoor, castle, night,masterpiece, best quality, high score, great score, good score, absurdres"
63,"masterpiece, best quality, great score, highres, intricate details, 4k, stunning, absurdres, 1 woman, Ganyu, long hair, teal kimono, floral pattern, dramatic scene, wind blowing, hair flowing through hair, sakura petals, beautiful scene, blush, shy smile, sitting, hugging own legs, head resting on knees, headtilt, looking at viewer, from side, dutch angel, closeup, plain background"
64,"1girl, black red, black t-shirt, blue burning aura,"
65,"masterpiece, high score, great score, absurdres, 1girl, samus aran, metroid, cave, inside cave, lava, aura, plants, metroid, life forms, gun, (holding gun), running, (motion blur), depth of field, year 2025, long hair, ponytail, blonde hair, blue eyes, mole under mouth, large breasts, bodysuit, dutch angle, looking at viewer"
66,"1girl, (hassan of serenity \(fate\)), fate \(series\), ((wearing virgin killer sweater, beret) and (eavesdropping)), (american mcgee), dark-skinned female, petite, casual outfit, purple eyes, purple hair, short hair, sidelocks,  chiaroscuro, detailed,  high score, great score, masterpiece, best quality,"
67,"1girl, suigintou, rozen maiden, outdoors, park, sunlight, tree, looking back, masterpiece, high score, great score, absurdres"
68,"masterpiece, high score, great score, absurdres, hires textures, high detail, la+ darknesss, 1 animal, sheep, (a sheep that has girl face:1.2), no human, full body"
69,"masterpiece, best quality, great score, highres, intricate details, 4k, stunning, absurdres very cute, cute details, 1girl, solo, Ganyu, horns, black cat costume, cat paws, blush, open mouth, annoyed, forced pose, cat pose, wariza sitting, closeup, from above, looking at viewer, bedroom, cute room, stuffed toys"
70,"masterpiece, best quality, great score, highres, intricate details, 4k, stunning, absurdres, 1 woman, 1girl, Ganyu, solo, looking at viewer, facing viewer, incoming food, blush, smile, table, spoon, holding spoon, film grain, food, fork, green sweater, cake, medium hair, off shoulder, off-shoulder sweater, cake, coffee, fantasy cafe, sweater, table, hand up, blissful, in a medieval fantasy open cafe, beautiful background, front view, closeup, cute-headilt"
71,"masterpiece, high score, great score, absurdres, year 2025, safe, 1boy, zuppu11 type 2, furry, cute, kemono"
72,"masterpiece, cute boy Kagamine Len, normal build, yellow hair, location: Japanese room, playing with brown tabby cat"
73,"masterpiece, high score, great score, absurdres, 1girl, green hair, orange eyes, Persona, Dutch angle, depth of field, impressionism"
74,"score_9 girl with cheeks full of fruit loops, breafast table, milk pouring out,smile, happy, eating, full cheeks, cute, pixel art style"
75,"masterpiece, best quality, great score, highres, intricate details, 4k, stunning, absurdres,, 1girl, solo, Ganyu, horns, gothic dress, gothic noble woman dress, maroon dress, laces, frills, elegant, tailored fit dress, expensive dress, head resting on hand, uninterested look, bored, dominant female feet, soles, feet focus, from below, sitting on long sofa, gothic room"
76,"Kureiji_Ollie, kureiji ollie,1girl, street, snowy, double bun, (white dress 1.5), bare shoulders, jewelry, earrings, (white fur trim dress 1.5), (white long gloves 1.4), necklace, lips, pearl necklace ,wearing edgwdc, fumichin, hair bow, red bow, hair bow, zombie, patchwork skin, heterochromia, red eyes, yellow eyes"
77,"1 girl, solo, full body, Ruirui, red bowknot on hair, dark maroon hair, medium hair, high ponytail, wide collar, white shirt, white long sleeves, (red overall:0.7), minipants, long kneesocks, bubble socks, brown shoes, standing on one foot, classroom, masterpiece, high score, great score, absurdres, detailed background"
78,"masterpiece, high score, great score,girl,grea \(shingeki no bahamut\),upper body,ocean, sunrise,holding sign,with handwritten english text that says:I LOVE YOU!"
79,"masterpiece, best quality, high score, absurdres, 1990s \(style\), anime screencap, 1boy, solo, tuxedo kamen \(cosplay\), five finger, hand focus, james \(pokemon\), pokemon \(anime\), team rocket, blue hair, looking at viewer, white mask, mask, domino mask, full body, black top hat, holding rose, blue eyes, team rocket uniform, black cape, full body, hand on head,"
80,"masterpiece, best quality, high score, great score, absurdres, 1girl,yelan , genshin impact , red choker, finger to mouth, partially shaded face, head tilt, gesugao, smirk, upper body, dark background, dark"
81,"masterpiece, high score, great score, absurdres, 1girl, souryuu asuka langley, neon genesis evangelion, rebuild of evangelion, lips, detailed beautiful face and eyes, Dramatic ball gown with voluminous tiered layers, fashion pose, (three quarter view:0.6), (from below:0.4), (dutch angle:0),close-up, face focus, wind, floating hair, looking at viewer, [recent:newest:0.6], [cel shading:flat color:0.6], Professional fashion illustration, stylish, beautiful, aesthetic, chromatic aberration, perfect composition, ultra detailed, fine texture, crisp detail, crisp edges,"
82,"masterpiece, high score, absurdres, ruby eyes, basking in the sun, overgrown, sitting on a floor,1girl, sunray, long hair streaked hair, black t-shirt, vine bracelet, sneakers, jeans, against wall, looking up, roots \(hair\),checkered floor, flowerpot, , neon, glowing, neon hair, from front, cowboy shot,abandoned, forgotten, eerie, bioluminescence, aestus domus aurea, hands on ankles, big forehead,"
83,"(barasuishou:1.1)\(rozen maiden\),(masterpiece:1.2),(high score:1.2),general,rozen maiden,doll,[:anime style:0.5],solo,(violet eye patch:1.1),milky hair,flat chest,(yellow eye:1.1),classic dress,white background,(dark theme:0.7),cowboy shot,look up hand up,upper body,(sad:0.5) (smile:0.7) (tears:0.9),(chibi:0.5)"
84,"masterpiece, best quality, great score, highres, intricate details, 4k, stunning, absurdres, 1 woman, medieval knight, very long white hair, hair intake, sidelocks, long braid, blush, sweet smile, happy face, drinking tea, blissful, in a medieval fantasy open cafe, beautiful background, front view, closeup, cute-headilt"
85,"upper body, masterpiece, high score, great score, absurdres, 1girl, traditional, traditional Chinese Building background, hanfu, blue and white dress with Chinese symbol pattern, cute smile, hair decor, beautiful, dynamic, highly detailed, clear, bloom, floating particles, depth, ink, happy, Chinese ink background, Chinese background, Chinese Ink, long hair, flower, ambient, glowing, elegant, complex, ink splash, ink art, Calligraphy, maobi, open mouth smile, iconic, fine detail, cinematic, rich deep colors, amazing intricate, cool, elite, illuminated, light, magnificent, perfect, very coherent, symmetry, composition, color, best, atmosphere, gorgeous, crisp, pretty, infinite"
86,"anime style, A beautiful petite woman in her 20s with long rainbow hair, in a glossy shiny black latex bodysuit, long sleeves, black rubber gloves, tight corset, buckles, corset buckles, HW_Corset, latex body suit, latex catsuit, collar and chain leash, holding the chain, tight black latex pants, nightclub background. crowded night club, stage, dancer, pole, pole danceing, pole dancing, stripper pole"
87,"((masterpiece, best quality, illustration)), novuschroma style, Chinese ink painting, colorful, ink art, 1girl, solo, long hair, breasts, looking at viewer, bangs, black hair, hair ornament, cleavage, bare shoulders, jewelry, closed mouth, yellow eyes, upper body, earrings, japanese clothes, choker, indoors, kimono, necklace, off shoulder, night, fire, white kimono, hitodama, hair stick, tatami, sliding doors, futon, flame, blue fire"
88,"1girl, solo, frieren, sousou no frieren,1girl, long hair, twintails, parted bangs, earrings, elf, small breasts, smile, closed mouth, upper body, from side, hanbok,artist:abe tsukasa,masterpiece, high score, great score, absurdres,"
89,"1girl, solo, safe, masterpiece, high score, great score, absurdres."
90,"masterpiece, high score, great score, absurdres, anime screenshot, anime coloring,  , 1girl, aragaki ayase, solo, serafuku, blue pleated skirt, red neckerchief, loafers, black socks, double v, looking at viewer, smile, open mouth, standing, full body, outdoors, street, cherry blossoms, petals, depth of field"
91,"masterpiece, very aesthetic, absurdres, newest, cabbage, cjdl, 1girl, green volleyball, volleyball court, serve"
92,"masterpiece, high score, great score, absurdres, 1girl, amane misa, death note"
93,"masterpiece,high score,great score,absurdres,daigo shigeno,daigo shigeno\(fuurin\),1boy,baseball uniform,male focus,helmet,solo,dirty clothes,smile,sportswear,dirty,open mouth,clenched hand,stadium,outdoors,sky,headphones,day,blue sky,belt,hat,looking at viewer,blurry,white pants,blurry background,:d,baseball,arm up,cloud,red belt,pants,long sleeves,shirt,fuurin junior high baseball jersey,clothes writing,red shirt,baseball helmet,,official art,"
94,"masterpiece, best quality, high score, great score, absurdres, 1girl,erza scarlet , red choker, finger to mouth, partially shaded face, head tilt, gesugao, smirk, upper body, dark background, dark"
95,"masterpiece, high score, great score, absurdres, amazing quality, la+ darknesss, hololive, la+ sheepnesss, 1 animal, sheep, (a sheep that has girl face:1.2), no human, happy"
96,"masterpiece, best quality, style of riz, 1girl, anthro, dog ears, white fur, white kimono, closed eyes,"
97,"lowres,bad anatomy,bad hands,text,error,missing finger,extra digits,fewer digits,cropped,worst quality,low quality,low score,bad score,average score,signature,watermark,username,blurry,"
98,"masterpiece, best quality, style of riz, 1girl, anthro, dog ears, white fur, white kimono, closed eyes,"
99,"masterpiece, best quality, high score, great score, absurdres, 1girl, phoebe \(wuthering waves\), wuthering waves, realism, volumetric lighting, natural lighting, casual outfit, mini shorts, oversized sweatshirt, handbag, bare shoulders, purple eyes, black bow, long blonde hair, cute smile, skinny body, slender body, busy street, long street, city"
100,"masterpiece, best quality, 1girl, Miadryn, catgirl, angel, warrior angel, holy warrior, white wings, angel wings,  large wings, very wide wingspan, detailed feathers, intricate, very dark, almost black armor, golden cross on chestplate,  glowing, golden halo,  long, flowing, blonde hair,  fiery, orange-yellow, magical glow, holy flame magic, ethereal swords,  determined expression,  piercing, golden-yellow eyes,  magical energy,  radiant, divine aura, dynamic pose, action pose, bleach anime style, tite kubo,"
101,"1girl, fujita kotone, heart, smile, dancing,masterpiece, high score, great score, absurdres, newest, sketch,"
102,"(masterpiece, highres, lighting), (dark-skinned_female, high_ponytail, two-tone_hair, grey_hair & black_hair, elf_ears, grey_eyes, cheeks), (portrait)"
103,"masterpiece,high score,great score,absurdres,goro shigeno,1boy,baseball mitt,male focus,baseball,motion blur,sportswear,baseball uniform,solo,throwing,pitching,stadium,standing,motion lines,ball,crowd,swinging,indiana hornets baseball jersey,white-green baseball jersey,black shirt,,cowboy shot,"
104,"gorgeous lips, (masterpiece), (best quality), high score, great score, very aesthetic, perfect composition, intricate details, absurdres, detailed face, slim noble girl, dynamic angle, pov, napping on cozy sofa, intricate evening dress, night, living room"
105,"masterpiece, high score, great score, absurdres, 1girl, female, solo, high res, long black hair, french braid, messy blunt bangs, purple eyes, mole under lip, slim build, wearing white blouse, gothic style, pale skin, looking at viewer, garden, mature"
106,"((masterpiece, best quality, absurdres)), anime style, 1girl, cute,(old trees background, ghost spirit, spirit flying on behind,  haunted trees, root, standing), solo, from front, upper body, looking away, spirit, ribbon rope wrapped around waist, scared, teeth, open mouth, (light red eyes), (long hair, white hair, multicolored hair, red hair, plunt bangs), (black dress, bare shoulders, long sleeves), dark, night, oil painting,"
107,"masterpiece, high score, great score, absurdres, (ask \(askzy\), hiten \(hitenkei\):0.5), , 1girl, solo, robin \(honkai: star rail\), halo, head wings, earrings, detached collar, sleeveless dress, detached sleeves, white gloves, cowboy shot, looking at viewer, hands on own chest, standing, looking at viewer, singing, open mouth, stage, stage lights, indoors, depth of field"
108,"masterpiece, high score, great score, absurdres, 1boy, male, solo, high res, black hair, brown eyes, slim build, handsome, young adult, sweater, looking at viewer, leaning against railing, outdoors, aged up, mature, disinterested, expressionless"
109,"[nichijou:(nichijou:0.1):0.5],(masterpiece:1.2),(high score:1.2),solo,(long medium hair:1.1),black hair,dark blue eyes,(saggy:0.3) breasts,(freckles:0.9),(habit costume:1.1),half open mouth (evil smile:0.9),viewer,licking finger,black gradation background,(subsurface scattering:0.5),tanned sunburned"
110,"female assassin in a partial mech suite, large breast, assassin blade, neon red trim, shiny black metal, long flowing purple hair"
111,"pastel colors, neon color illustration, (pink haze), kawaii illustration, (Colored pencil:1.4), (graffiti art:1.3), girl, (Sparkling haze), Half-up, black hair, Sailor's uniform, Clothes with big buttons, hats with big buttons,"
112,"masterpiece, high score, great score, absurdres, 1girl, nikaidou shinku, blonde hair, two side up, ,lab coat,school uniform,outdoors, pleated skirt,bare shoulders, smile,  spread arms"
113,"masterpiece, high score, great score, absurdres, illustration, ray tracing, (ask \(askzy\), hiten \(hitenkei\):0.5), , 1girl, solo, aglaea \(honkai: star rail\), solo, maid, black dress, white shirt, underbust, red bowtie, white thighhighs, mary janes, maid headdress, maid apron, embarrassed,  open mouth, blush, parted lips, looking at viewer, cowboy shot, bar \(place\), indoors, depth of field"
114,"by inaeda kei, by zerocastle, enkyo_yuuichirou, hungry_clicker, night city, raining, 1girl, upper body, evil smile, cyberpunk, from_above, cowboy_shot,  fox mask on head, halo, realistic, close-up, cinematic angle, masterpiece, high score, great score, absurdres"
115,"masterpiece, high score, great score, absurdres, year 2025, very safe, 1boy, zuppu11 type 1, furry, cute, kemono"
116,"masterpiece, high score, great score, absurdres, 1girl, olivier mira armstrong, fullmetal alchemist"
117,"Masterpiece, best quality, maximalist, cel-shading, 1boy, bishounen, adventurer, black hat, hat, late afternoon city cafe, holding a cup of latte, late afternoon sunset, orange eyes, green hair, steampunk, upper body, jacket, best quality, safe"
118,"masterpiece,best quality,very aesthetic,absurdres,(highly detailed),4k,8k,intricate detail,cinematic lighting,(amazing quality),game cg,(amazing shading),no blur,(perfect anatomy),1woman,solo,Kafka \(Honkai Star Rail\),outdoors,long hair,purple hair,purple eyes,eyewear on head,oiled skin,shiny skin,mature female,tall female,(huge breasts),big ass,highly detailed eyes,(black jacket,high waist shorts,jacket),jewelry,long sleeves,pantyhose, pantyhose under shorts,purple gloves,round eyewear, shirt, shorts,(mature female:1.2),tall female,curvy,beautiful face,highly detailed faces and eyes,standing,looking at viewer,(city),seductive smile,perfect hair,perfect hair,beautiful breasts,beautiful hips,(highly detailed),4k,8k,intricate detail,cinematic lighting,(amazing quality),game cg,(amazing shading),no blur,(perfect anatomy),masterpiece,best quality,very aesthetic,absurdres,nsfw,"
119,"score_9, score_8_up, 1girl, a regal queen, blonde hair, regal attire, wielding a scepter, candy cane scepter, crown, crown made of candy, sitting, crossed legs, throne, throne room, looking down, from bottom, looking at viewer, indoors, stained glass background, masterpiece, best quality, very aesthetic, absurdres, candy"
120,"masterpiece, high score, great score, absurdres,1boy, A boy sits by the river with his bare feet soaking in the murmuring stream, admiring the summer scenery. He wears a straw hat, short sleeves, and short pants."
121,"masterpiece,high score,great score,absurdres,,kyouka \(princess connect!\),1girl,purple hair,twintails,solo,skirt,frills,looking at viewer,standing,pointy ears,yellow eyes,waving,japanese clothes,blue ribbon,wide sleeves,blue dress"
122,"masterpiece,high score,great score,absurdres,takamatsu tomori and penguin,animal,looking at viewer,snow,a penguin that has girl face,weapon on back,"
123,"1girl, source_anime, short hair, cute, ((((clothing made of cd's)))), detailed background, forest background, cowboy shot, depth of field, volumetric lighting, trees made of cd's"
124,"masterpiece, best quality, high score, great score, absurdres:1.2, highres, 8k, (highly detailed:1.1), (cinematic anime:1.3), (official anime art:1.3), (anime screencap:1.4), (solo:1.2), 1woman, year 2024, sensitive, nsfw, explicit, (cyberpunk:1.1), (soft lighting:1.1), anime coloring, (shadows stretch long:1.3), (bright lighting:1.3), (bright background:1.2), (abandoned subway station:1.2), (leaking pipes:1.1), (broken tiles:1.1), (graffiti art:1.2), (torn stockings:1.2), (oversized hoodie:1.1), (glowing tattoos:1.2), (cybernetic arm:1.1), (sitting on tracks:1.1), (legs spread slightly:1.2), (head tilted back:1.1), (eyes closed:1.1), (mouth open slightly:1.1), (expression of intense pleasure:1.4), (heavy breathing:1.1), (drool:1.1), (shivering:1.1), (goosebumps:1.1), (subtle smile:1.1), (hidden desires:1.3), (forgotten world:1.3)"
125,"masterpiece, high score, great score, absurdres, 1boy, 1girl, 2 characters, fox girl, rocker boy, long wavy brown hair, red ribbons, fox ears, green eyes, silver messy hair, intense green eyes, black leather jacket, white t-shirt, red mini dress, knee-high socks, black boots, holding a microphone, singing passionately, gripping a guitar, strumming intensely, dramatic stage lighting, glowing spotlights, cheering crowd, dynamic pose, Ikebukuro live house, hands raised in excitement, music notes floating in the air, high-energy atmosphere, anime-style coloring, depth of field, painterly, impressionism"
126,"masterpiece,high score,great score,absurdres,looking at viewer,pilot suit, sayoko, glasses, blue hair, ponytail, black eyes,injury,bandages,"
127,"masterpiece, best quality, high score, great score, absurdres, 1girl,sylphiette , \(mushoku tensei\), mushoku tensei , realism, volumetric lighting, natural lighting, ,elf ears ,red eyes , white hair , heavy medival armor, white armor, armor boots, armor pants, armor gloves, holding sword near face, wide sword, forest, river, night,fireflies, serious,"
128,"(8k, raw photo), (sharp focus), cinematic shadows, raw lighting, 1girl, solo, cute face, Japanese girl, slim round face, dark brown eyes, (Depth of Field), black hair, long hair, sharp eyes, (\m/:1.5), park, dynamic angle,, (black Thigh-high socks), photo background, jirai kei, Jirai kei Fashion, smile, masterpiece, high score, great score, absurdres,"
129,"masterpiece, high score, great score, absurdres, sky, scenary, dark theme, night, grass field, floating transparent red fish, too many floationg fish, stream, 1girl, fox girl, smile, gold eyes, very long hair, blonde hair, dark-skinned female, glowing eyes, expressionless, looking at viewer, japanese clothes, multicolored clothes, black kimono, red kimono, obi, short dress, wide sleeves, detached sleeves, lace trim, too many frills, hair ornament, (embroidery, embroidered dress:1.1), floral print, (fine fabric emphasis:1.2), from below, wide shot, other focus,"
130,"masterpiece, high score, great score, absurdres,1girl, Legend of Heroes: Trails, Nihon Falcom, High Fantasy, blonde, anime, knight, ful steel plate armour, 30s, mature, proud, confident, full body, dynamic angle, dynamic action, exquisite flaming lance, plate legs,"
131,"((best quality)),((masterpiece)),(detailed), ,sky,city,lights,night,building,tower,scenery,bridge,architecture,cityscape,skyline,outdoors,skyscraper,background,street,river,cloud,painting,tree,water,close-up,, Neo-Queen Serenity, Height: Slightly taller than her younger Sailor Moon form, around 5 feet 5 inches (165 cm), giving her a more mature and regal stature. Build: Slim and graceful, with a delicate yet commanding presence. Her figure exudes both femininity and strength, symbolizing her role as a queen and protector of the Earth. Hair: Long, silver-white hair styled in her signature odango (twin buns) with cascading pigtails that reach far below her feet. The hair shimmers with a radiant, moonlit glow, emphasizing her celestial nature and her connection to the Moon Kingdom. Eyes: Deep blue eyes that are soft yet intense, reflecting her wisdom, compassion, and inner strength. Her gaze carries a sense of serenity and divine authority. Skin: Fair and luminous, with a radiant, otherworldly glow that highlights her ethereal beauty. Her flawless complexion enhances her image as a celestial queen. . , (score_9, score_8_up, score_7_up, score_6_up, score_5_up, score_4_up, high res, 4k),"
132,"masterpiece, best quality, high score, great score, absurdres, (limited palette:1.1), flat colors, flat color, high contrast,"
133,"1girl, solo, upper body, looking at viewer,  winter, snow, fur trim, military uniform, military hat, on tank, military vehicle,"
134,"1girl, solo, cinematic angle, hair ornament,  energy horns, energy wings, vibrant, crystal dragon girl, dragon claw, Dragon tail, volumetric light, chiaroscuro, 16k, sparkle, Depth of field, faint light, cinematic lighting, [(white background:1.2)::0.2], (fading border background:1.2), masterpiece, best quality, amazing quality, very aesthetic, absurdres, highres, newest, intricate details, high contrast, high score, great score,"
135,"masterpiece,high score,great score,absurdres,1girl,medium breasts,1girl,,solo,needle knight leda,blonde hair,hair between eyes,medium hair,crown braid,yellow eyes,white cloak,ornate armor,gauntlets,head tilt,messy hair,half-closed eyes,hair over one eye,looking at viewer,closed mouth,unworn helmet,holding helmet,upper body,indoors, burning building, fire, embers,"
136,"masterpiece, high score, great score, absurdres, year 2025, safe, 1boy, zuppu11 type 2, furry, cute, kemono"
137,"masterpiece,high score,great score,absurdres,goro shigeno,baseball mitt,baseball uniform,baseball,1boy,male focus,solo,clenched teeth,teeth,sportswear,hat,baseball cap,blurry,baseball bat,upper body,blurry background,holding,ball,holding ball,shirt,all japan team baseball jersey,red shirt,official art,,throwing,pitching,"
138,"masterpiece,high score,great score,absurdres,year 2025,safe,1girl,17yo,solo,nishikigi_chisato,lycoris recoil,licorice uniform,shirt,long sleeve,dress,ribbon,white shirt,collared shirt,belt,neck ribbon,blue ribbon,red dress,pleated dress,grey dress,two-tone dress,long sleeves,red belt,black socks,indoor,sitting cross-legged on the floor,embarrassed,kubrick_stare,depth of field,"
139,"masterpiece, high score, great score, absurdres, 1girl, winry rockbell"
140,"masterpiece, high score, great score, absurdres, horned swamps, girl with horns, luminescent blue hair, ethereal dress, long hair, blue fireflies, blue light particles, magic, translucent"
141,"1girl, waitress outfit, solo, diner, pov, looking to the left lower corner, worried, plate with donut, cup of coffee, cinematic still from Quentin Tarantino movie, masterpiece, high score, great score, absurdres"
142,"masterpiece, high score, great score, absurdres, 1 girl, artoria_caster, fate_grand_order, solo, cowboy shot, looking at viewer, straight_on, year 2020, blonde hair, long hair, twintails, ahoge, green eyes, lips, blush, light smile, small breasts,  , hogsks, hogwarts school uniform, black robe, gray vest, gryffindor, red tie, arms behind back, black skirt, pleated skirt, black pantyhose"
143,"masterpiece, best quality, 1girl, solo, medium, 1900s, black jacket, red hair, armband, holding katana, katana over shoulder, pout, yellow eyes, slit pupils, wide hips, side view, amazing quality, retro style, highres, absurdres, black pants, tight pants, belt, white shirt, open jacket,"
144,"(masterpiece), best quality, ((4k,8k,Ultra HD)),((Masterpiece :1.2)),((Best quality :1.2)),((Detailed :1.5)),((Detailed background :1.5)), two magical red trees on a field with black grass, stars, light particles, luminous, branches, volumetric lighting, beautiful scenery, hawk viewed from behind flying in the sky, artist:Furukawa, fischl \(genshin impact\) with green eyes, messy room, masterpiece, best quality, amazing quality, very aesthetic, absurdres, newest,exploring,"
145,"masterpiece, best quality, high score, great score, absurdres, 1girl,zero two, \(darling in franxx\), darling in franxx, realism, volumetric lighting, natural lighting, light green eyes, red horns, skiny temples and a braided ponytail ,black milytary uniforms , wehrmacht uniform, black leather jaket, black pants, officer hat,  arrogant, holding gold apple , look at apple, WWII background, dungeon, flags Germany, black cross on red flags,"
146,"(masterpiece: 1.2), (best quality: 1.2), very aesthetic, 4k, (InkPunk: 1.2), dynamic pose, vivid color, deep colors,dramatic lighting, intricate details, thick contours, volumetric shadows,1 girl, solo, Holding a sword,(rage: 0.8), (berserk: 0.8), intense,dark tone map, chromatic abberation, analogue filter , negative space, exquisite detail on weapon"
147,"masterpiece, extremely detailed CG unity 8k wallpaper, ultra-detailed, depth of field, best illumination, best shadow, an extremely delicate and beautiful, cowboy shot, from above, masterpiece, high score, great score, absurdres,   library, shocked  girl in sundress is looking at horse made of fruit loops,"
148,"masterpiece, high score, great score, absurdres, 1girl, nikaidou shinku, blonde hair, two side up, ,lab coat,school uniform,classroom, pleated skirt,bare shoulders, jitome, sitting, head rest, looking at viewer,"
149,"masterpiece, high score, great score, absurdres, (ask \(askzy\), hiten \(hitenkei\):0.5), , 1girl, solo, robin \(honkai: star rail\), halo, head wings, solo, school uniform, white shirt, sweater, pleated skirt,  light smile, looking at viewer, outdoors, street, cherry blossoms, petals, depth of field"
150,"masterpiece,high score,great score,absurdres,gotoh hitori,yuzu \(blue archive\),2girls,in box,squatting,scared,looking at another,dark,open mouth,blush,leaning on person, gorgeous lips, (masterpiece), (best quality), high score, great score, very aesthetic, perfect composition, intricate details, absurdres, detailed face, slim noble girl, dynamic angle, pov, napping on cozy sofa, funeral dress, night, living room, tears"
151,"masterpiece, best quality, high score, great score, absurdres, 1girl, makima \(chainsaw man\), chainsaw man, foreshortening, upper body, dark, dark background, depth of field, faux traditional media, high contrast, head tilt, standing with their back to the viewer, turning just their head to look back towards the viewer"
152,"masterpiece,high score,great score,absurdres,2girls,,looking at another,sitting on chair,room,Window,Sweets, chocolates and lots of cookies,smile,Rice Shower\(umamusume\),horse tail,UMAKH,horse earsBREAK,Haru Urara\(umamusume\),horse tail,UMAKH,horse ears,Eating cookies, puffy cheeks,"
153,"masterpiece, high score, great score, absurdres,monochrome, seapall, pija,1girl, goth, long hair, straight hair, black hair, green eyes, closed mouth, bags_under_eyes, sleepy, half closed eyes, lying on couch, on side, sitting, black dress, frills, rating: safe,"
154,"1girl, solo, orange eyes, hime cut, diagonal bangs, single sidelock, blue wetsuit, bare shoulders, large breasts, cowboy shot, dutch angle, looking at viewer, indoors, window, masterpiece, high score, great score, great score"
155,"score_9,score_8_up,score_7_up,score_6_up,score_5_up,1girl, score_4_up,Rainbow Dash from My Little Pony,anthro female, short hair,red_eyes,heterochromia,Rainb0w M0rph,slit pupils, glowing eyes,spiked bracelets,blue skin,colored skin,rainbow hair,purple eyes,curvy,frown,smile,clenching fists,tongue,grin, wide hips,thick thighs,thick legs,medium breasts,narrow waist, colliseum,(running track),rainbow in the sky,(sparkles:1.4),sky, cloud print shirt,long shirt,white shirt,black jacket,cargo pants, green pants,sci-fi,wings,painted floor,security signs,pennants, (hand sign),(sunrays),shiny skin,dynamic pose,holding energy drink,crystal orb,dark green pants,(sports clothes),flying orbs, (floating on air),jewelry,(motion lines:1.4),(thick outlines:1.4),(trembling lines:1.4),(clouds),zeppelin,high buildings,(sweat), steam,steamy breath,holding bottle,(spoken star),(gun case), masterpiece,best_quality,newest,absurdres,best shadow,light particles,highly detailed background,amazing quality,highly detailed_skin,very_detailed_clothes,power_lines,speed lines, emphasis_lines,very_aesthetic,dynamic_angle,high quality,4k, best shadow,"
156,"1boy, Anime, male, dark hair, brown eyes,mechanical, armored, tactical, tactical, gray armor, armor vest, pouch bag, pants, shoulder pads, arm plate armor, gloves, black gloves,masterpiece, best quality, high score, great score, good score, absurdres"
157,"Illustration style, official art, 1girl,Rapi /(Nikke/), sitting, grabbing both chest,sunset background, hair flowing in the wind, slightly leaning back, enjoying the breeze, warm tones, aroused expression, soft lighting, natural environment, golden hour, relaxed pose, gentle atmosphere,masterpiece, best quality, high score, great score, absurdres, sensitive"
158,"1girl, realface, running, forest,"
159,"1girl, upper body, medium hair, brown hair, pink eyes, swept bangs, black mask, mouth mask, black hoodie, sleeveless hoodie, collarbone, bare shoulders, bare arms, arm up, arm behind head, outdoors, city, street, night, night sky"
160,"masterpiece,best quality,very aesthetic,absurdres,(highly detailed),4k,8k,intricate detail,cinematic lighting,(amazing quality),game cg,(amazing shading),no blur,(perfect anatomy),1woman,solo,Kafka \(Honkai Star Rail\),outdoors,long hair,purple hair,purple eyes,eyewear on head,oiled skin,shiny skin,mature female,tall female,(huge breasts),big ass,highly detailed eyes,(black jacket,high waist shorts,jacket),jewelry,long sleeves,pantyhose, pantyhose under shorts,purple gloves,round eyewear, shirt, shorts,(mature female:1.2),tall female,curvy,beautiful face,highly detailed faces and eyes,standing,looking at viewer,(city),seductive smile,perfect hair,perfect hair,beautiful breasts,beautiful hips,(highly detailed),4k,8k,intricate detail,cinematic lighting,(amazing quality),game cg,(amazing shading),no blur,(perfect anatomy),masterpiece,best quality,very aesthetic,absurdres,nsfw,"
161,"masterpiece, best quality, high score, great score, absurdres, 1girl, misaki mei , another , red choker, finger to mouth, partially shaded face, head tilt, gesugao, smirk, upper body, dark background, dark"
162,"1girl, cocktail dress, solo, nightclub, covering herself, crying, red theme, neon light, cinematic still from Gaspar Noé movie, masterpiece, high score, great score, absurdres"
163,"masterpiece, high score, great score, absurdres, 1 girl, drinking milkshake, cute mascot dolls, pink theme, candy, Cute Flat Art, digital illustration with strong outlines"
164,"masterpiece, best quality, very aesthetic, absurdres,  Extraterrestrial, alien, princess, otherworldly, iridescent skin, futuristic crown, cosmic background."
165,"masterpiece, best quality, high score, great score, absurdres, 1girl,Dustiness Ford Lalatina , konosuba, red choker, finger to mouth, partially shaded face, head tilt, gesugao, smirk, upper body, dark background, dark"
166,"masterpiece, high score, great score, absurdres, 1girl, vampire, pink hair, cyberpunk city, Cyberspace, (matrix inspired landscape:1.2), (hologram:0.6), (astral travel:.3), (cyberpunk art:0.8), ((created by glowing magical energy in cyberspace)), cyberpunk netrunner's digital world, (digital concept art:0.8)"
167,"1girl, solo, Holding a sword, rage smile, calling, motherland mother, from front, dynamic pose, body armor, red and black,"
168,"(masterpiece, high score, great score, absurdres, :1.2), best, detailed, perfect, creative, intricate details, perfect anatomy, vivid color, deep colors, dramatic lighting, thick contours, volumetric shadows, ExpressiveH, (Inkpunk:1.2), , (by Ilya Kuvshinov:1.2), vibrant, retro artstyle, fantasy, scene, manga"
169,"1 girl, solo, full body, Ruirui, (red bowknot:1.3) on hair, dark maroon hair, medium hair, high ponytail, wide collar, white shirt, white long sleeves, (red overall:0.7), minipants, kneesocks, long bubble socks, brown shoes, bend over, sided head, sweaty face, open mouth, forest, masterpiece, high score, great score, absurdres, detailed background"
170,", best masterpiece,Optimum Quality,,ahoge,multicolored hair.colored inner hair,,blunt bangs,hairclip,low twintails,cute girls,embarrassed,blush,spoken heart,waitress,petite.,curvy,heart hands, own hands together,devil,demon tail,devil wings"
171,", masterpiece, ,1boy, 1girl, kamijou touma, misaka mikoto,, mad-shingles, Roof Shingles"
172,"mad-shingles, , (masterpiece:1.2), best quality, Score_9, Score_8_Up, Score_7_Up, (Seductive vampire queen, long crimson gown, revealing yet elegant, pale glowing skin, piercing red eyes, black lace gloves), sitting on a gothic throne, candlelit castle, dark misty atmosphere, deep shadows, intense expression, luxurious velvet textures, gothic elegance, cinematic lighting"
173,"masterpiece, high score, great score, absurdres,1girl,  tifa lockheart, smile, happy, v, japanese kimono, dancing,mad-shingles"
174,"score_9,score_8_up,score_7_up,score_6_up,score_5_up,1girl, score_4_up,source_nintendo,daisy,princess_daisy,brown_hair, mario_(series),blue_eyes,novuschroma51 style,glowing eyes, long hair,slit pupils,(flower bracelets),(dark skin),curvy,frown, smile,clenching fists,tongue,grin,wide hips,thick thighs,thick legs,medium breasts,narrow waist,(tattoos:1.4),flower tattoo, forest,autumn forest,thorny vines,dirt road,wooden hut,gold shroom,yellow mushrooms,glowing mushrooms,night,stars (sparkles:1.4),sky,clouds,long skirt,yellow dress,white ribbon belt,holding umbrella,holding basket,(puffy shoulders),puffy red lips,(short sleeves),lacy skirt,very long skirt,gold earrings, hand sign,moonlight,shiny skin,dynamic pose,crystal yellow orbs,levitating yellow orbs,big mushrooms,(motion lines:1.4),(thick outlines:1.4),(trembling lines:1.4),sweat,destroyed stone bricks,jewelry,steam,steamy breath,wine bottle,salami,cheese,(spoken food),(gun case),bullet belt,weapons,gold crown,tiara, masterpiece,best_quality,newest,absurdres,best shadow,light particles,highly detailed background,amazing quality,highly detailed_skin,very_detailed_clothes,power_lines,speed lines, emphasis_lines,very_aesthetic,dynamic_angle,high quality,4k, best shadow,,"
175,", best masterpiece,Optimum Quality,,ahoge,multicolored hair.colored inner hair,,blunt bangs,hairclip,low twintailsgirls,cute,petite.,maid"
176,"(8k, raw photo), (sharp focus), cinematic shadows, raw lighting, 1girl, solo, cute face, Japanese girl, slim round face, dark brown eyes, (Depth of Field), black hair, long hair, sharp eyes, (\m/:1.5), park, dynamic angle,, (black Thigh-high socks), photo background, jirai kei, Jirai kei Fashion, smile, masterpiece, high score, great score, absurdres,"
177,"1girl, suigintou, rozen maiden, outdoors, park, sunlight, tree, looking back, masterpiece, high score, great score, absurdres"
178,"masterpiece,high score,great score,absurdres,1girl,medium breasts,1girl,year 2005,,solo,needle knight leda,blonde hair,hair between eyes,medium hair,crown braid,yellow eyes,white cloak,ornate armor,gauntlets,head tilt,messy hair,half-closed eyes,hair over one eye,looking at viewer,closed mouth,unworn helmet,holding helmet,upper body,indoors,burning building,fire,embers,"
179,"masterpiece, high score, great score, absurdres, year 2025, safe, 1boy, zuppu11 type 1, furry, cute, kemono"
180,"masterpiece, best quality, high score, great score, absurdres, 1girl, yuki asuna , sword art online , red choker, finger to mouth, partially shaded face, head tilt, gesugao, smirk, upper body, dark background, dark"
181,"1girl, upper body, short hair, blue hair, blue eyes, from side, looking at viewer, black shirt, t-shirt, short sleeves, collarbone, hand up, adjusting hair, outdoors, city, street, night, night sky"
182,"masterpiece, high score, great score, absurdres, solo, 1girl, shigure_ui _\(vtuber\), virtual youtuber, light brown hair, green eyes, dress, cobra_\(animal\), drill_hair, drill_sidelocks, idol_outfit, cobra outfit, outfit made out of cobra scales, aqua_background, colorful, abstract,"
183,"pastel colors, neon color illustration, (pink haze), kawaii illustration, (Colored pencil:1.4), (graffiti art:1.3), girl, (Sparkling haze), Half-up, black hair, Sailor's uniform, Clothes with big buttons, hats with big buttons,"
184,"masterpiece, high score, great score, absurdres, 1girl, nikaidou shinku, blonde hair, two side up, ,lab coat,school uniform,  pleated skirt,light smile, bare shoulders, portrait, straight-on,"
185,"Stable_Yogis_SD1.5_Positives, masterpiece, high score, great score, absurdres, reflection, Woman, girl, boy, man, Random cloths, random accouterments, winter,animated, Barbaque, cooking meat, cooked patatis, swing set, road, Home"
186,"pastel colors, neon color illustration, (pink haze), kawaii illustration, (Colored pencil:1.4), (graffiti art:1.3), girl, (Sparkling haze), Half-up, black hair, Sailor's uniform, Clothes with big buttons, hats with big buttons,"
187,"The Herta,masterpiece,high score,great score,absurdres,normal hands,"
188,"lacus clyne,1 girl,Lacus Clyne,nun,black habit,black domineering,church,cross necklace,mid-shot,solid color,"
189,"Ghibli animation style,Studio Ghibli,hand drawn animation style,a boy,Masterpieces,high marks,Young wizard,hat,white hair,scarf,Slytherin,magic,cute,cartoon,"
190,"1 teenage girl,bust,middle blonde hair,solo,fighting stance,school uniform,holding a revolver,a determined expression,masterpiece,best quality,amazing quality,"
191,"fantastical, ethereal aesthetic, A girl with long hair and fairy wings sits gracefully on a tree branch. She wears a flowing dress and has a serene expression, surrounded by a magical, glowing forest."
192,"fantastical, ethereal aesthetic, A girl with long hair and fairy wings sits gracefully on a tree branch. She wears a flowing dress and has a serene expression, surrounded by a magical, glowing forest."
193,"1girl,ayanami rei,neon genesis evangelion,rebuild of evangelion,solo,detailed beautiful face and eyes,lips,looking at viewer,(Geometric print A-line dress),dress designed by Tsuyoshi Domoto and Veronique Branquinho,BREAKfashion pose,dancing,softly adjusting a scarf,close-up portrait,slight upward angle,soft bokeh,three quarter view,dutch angle,backlit with rim light,abandoned glass greenhouse with overgrown ivy,lush greenery,looking at viewer,Captured in the Moment,BREAKProfessional fashion illustration,Vogue-style portrait,fine art portrait,full-body emphasized,no crop,timeless elegance,timeless editorial,serene atmosphere,detailed couture fabric textures,glossy texture,subtle film grain,dramatic contrast,high dynamic range,intricate embroidery,avant-garde fashion elements,stylish,beautiful,aesthetic,chromatic aberration,perfect composition,detailed,fine texture,crisp detail,crisp edges,[hyper-realistic:pseudo-impasto:0.6],cinematic,depth of field,bokeh,soft-focus bokeh with artistic depth,BREAKmasterpiece,high score,great score,absurdres,extremely detailed CG unity 8k wallpaper,"
194,"safe_pos,cowboy shot,1girl,raiden shogun,holding sword,between breasts,head tilt,serious,hand up,looking at viewer,parted lips,wind,dark background,electricity,sparks,masterpiece,best quality,amazing quality,"
195,"masterpiece,dynamic composition,1girl,hand on katana,unsheathing,school uniform,solo,black hair,looking at viewer,bangs,purple eyes,long hair,closed mouth,embers,black background,boots,dynamic pose,dutch angle,foreshortening,twilight,glowing,ink background,abstract background,bright colors,dark,pink theme,gray smoke,neon trim,full body,"
196,",A confident and dangerous-looking female warrior with long,wavy blonde hair,wearing a white tie-front crop top,Cleavage,a sleeveless black cropped jacket,and asymmetrical tight-fitting pants (one side military green, the other purple). She has a black tactical belt with a golden buckle,fingerless gloves,and a thigh holster on her right leg. She is wearing knee-high black combat boots. Her right hand is raised to her ear as if adjusting a communication device,while her left hand holds a sharp combat knife with a relaxed grip. Her expression is fierce and slightly playful,with a hint of a smirk. The background is minimal or futuristic,giving a sci-fi or cyberpunk vibe. The art style is detailed anime or semi-realistic with vibrant colors and dynamic lighting,masterpiece,best quality,amazing quality,(traditional media,sketch,monochrome,greyscale),"
197,"1girl,lacus clyne,The sea,beaches,pink beaches,blue sky and white clouds,flying birds,sparkling waves,spring flowers blooming,flowers,sea and sky matching,the sun shining brightly,8K wallpaper,top quality,"
198,"masterpiece,dynamic composition,1girl,hand on katana,unsheathing,school uniform,solo,black hair,looking at viewer,bangs,purple eyes,long hair,closed mouth,embers,black background,boots,dynamic pose,dutch angle,foreshortening,twilight,glowing,ink background,abstract background,bright colors,dark,pink theme,gray smoke,neon trim,"
199,"lol,digital illustration,lol,masterpiece,great score,absurdres,1girl,purple eyes,dragon,closed one eye,white hair,sitting on jelly,angel,white background,sitting,best quality,very aesthetic,"
200,"(masterpiece, best quality),amazing quality,very aesthetic,absurdres,highres,newest,HDR,8K,chiaroscuro,impasto,intrinsic light,luster,shiny color,strong coloring,masterful shading,high contrast,real,1girl,fern \(sousou no frieren\),purple eyes,purple hair,long hair,blunt bangs,parted lips,under breasts,upper body,looking down,directly below,one eye closed,smile,side view,dutch angle,outdoors,Dandelion fluff soaring,sky,Forehead distance,foreshortening,perspective,"
201,"1 blonde girl,facing the camera,smiles through her tears,with a backdrop of grass-covered hills,holding necklace,between breasts,head tilt,hand up,looking at viewer,parted lips,wind,dark background,masterpiece,best quality,amazing quality,"
202,"masterpiece,best quality,perfect face,perfect eyes,Scathach,drunk,full body,office lady,high_heels,solo,unbuttoned shirt,(crossed_legs:1.1),on chair,bra,she sat down and kicked his shoes partially off,"
203,"fantastical, ethereal aesthetic, A girl with long dark hair and blue eyes holds a fluffy white cat. Both have a serene expression, gazing off to the side. The scene is softly lit, creating a dreamy atmosphere."
204,"Starlit blue gradient long hair cascades like the Milky Way, skin semi-transparent and twinkling with stardust, wearing a silver thread-woven backless gown, the hem transforming into flowing star clouds, holding the Fate Spindle, the threads made of comet tail light fibers, earrings are miniature black hole models,Color scheme: Deep space purple, starlight silver, neon blue, pupils like kaleidoscope star maps,Appearance illustration: Celiniya sits barefoot on the asteroid ring, the spindle spinning on her fingertips, drawing meteors to weave into a constellation net, a crystal unicorn leaps out from the starry clouds of the skirt, shattering floating ice crystal planets, when she smiles lightly, the solar flare behind her suddenly twists into clock gears."
205,"1girl,solo,black thighhighs,suspenders,weapon,maid,holding,frills,apron,holding weapon,black footwear,dress,black dress,black hair,maid headdress,bangs,braid,one knee,twin braids,holding gun,white apron,ribbon,bow,long hair,closed mouth,gun,thigh,looking at viewer,brown eyes,foreshortening,maid apron,twintails,blunt bangs,masterpiece,best quality,amazing quality,(traditional media,sketch,monochrome,greyscale),"
206,"1girl,blonde hair,solo,aged up,Cleavage,burst up,black pilot suit,holding necklace,between breasts,hand up,parted lips,wind,gundam cokpit backgroud,masterpiece,best quality,amazing quality,"
207,"2b,black blindfold, covered eyes, mole under mouth, clothing cutout, long sleeves, puffy sleeves, juliet sleeves, feather trim, black thighhighs, black gloves, black dress, black skirt, abbystea style,masterpiece, best quality,"
208,"masterpiece,best quality,ling,1 girl,Tohsaka Rin,black hair,holding a cup,wearing jeans,"
209,"HDR,UHD,8K,((best quality, masterpiece, perfect_anatomy, anatomically_correct)),sharp_focus,Highly detailed,Professional,Chiaroscuro Lighting,1girl,cat girl,cake,food,solo,cup,frills,holding,bow,long_hair,smile,center_frills,blue_eyes,flower,pink_hair,open_mouth,table,plant,:d,teapot,indoors,full body,chair,sitting,looking_at_viewer,animal_ears,cat tail,pink_bow,teacup,dress,bowtie,frilled_dress,long_sleeves,apron,maid,vase,breasts,maid_headdress,potted_plant,wooden_floor,pink_bowtie,holding_cup,plate,bangs,fruit,cake_slice,hair_over_one_eye,blush,strawberry,saucer,black_dress,frilled_apron,window,large_breasts,white_apron,white bloomers,white socks,frilled socks,mary janes,cafe,sunlight,pink_flower,dark_skin,door,hairband,dark-skinned_female,day,lolita_fashion,hair covering ears,long bangs,"
210,"On the left side of the image,there is a little girl with pink hair wearing a denim jacket and work pants. On the right side,there is a robot with a blue and pink color scheme,slender in form. There is a significant height difference between the girl and the robot. In the background,there is a technologically advanced city under a night sky with rain falling and colorful lights.,"
211,"1girl, red eyes, solo, japanese clothes, white background, simple background, miko, ahoge, black hair, looking at viewer, white kimono, smile, twintails, upper body, wide sleeves, bow, ribbon trim, kimono, sidelocks, red hakama, hakama, closed mouth, ribbon-trimmed sleeves, skirt, red bow, long sleeves, crossed arms, low twintails, medium hair"
212,"blonde lady sits on the bed in the bedroom,looking out the window,her expression sorrowful,holding necklace,between breasts,hand up,parted lips,wind,masterpiece,best quality,amazing quality,"
213,"blonde lady sits on the bed in the bedroom,looking out the window,her expression sorrowful,holding necklace,between breasts,hand up,parted lips,wind,masterpiece,best quality,amazing quality,"
214,"(umamusume,rice_shower_(umamusume),) 1girl,  , long skirt ,(need_buzz, buzz, need_buzz, holding sign, holding sign ), , blood orange style, outdoor,pg,flower, orange jacket, rose, (animal_ears, blue_skirt, brown_hair, flower, hair_over_one_eye, hat, horse_ears, horse_girl, horse_tail, jacket, long_hair, looking_at_viewer, purple_eyes, , rose,  skindentation, skirt, smile, solo, standing, tail,  linea_alba,squatting, looking at viewer,  tilted_headwear, shaded face, fake smile, nervous sweat, wavy mouth, , very awa, long_sleeves,, solo,  general, :0.8),(umamusume,rice_shower_(umamusume),) 1girl,  , long skirt ,(need_buzz, buzz, need_buzz, holding sign, holding sign ),"
215,"made_of_bubbles, twintails, bubble gum fellow \(umamusume\), 1 girl, solo, umamusume, animal_ears, bubble_gum_fellow_(umamusume), 1girl, ;), black_gloves, blue_background, blue_eyes, breasts, brown_hair, ear_ornament, fingerless_gloves, gloves, grin, horse_ears, horse_girl, index_finger_raised, jacket, long_hair, long_sleeves, looking_at_viewer, one_eye_closed, open_clothes, open_jacket, small_breasts, smile, upper_body, very_long_hair, yellow_jacket, horse_ears, anime, open_mouth"
216,"umamusume,, ,rice_shower_(umamusume), 1girl,  long_hair, long_sleeves,, solo, 1girl, need_buzz, holding sign, Japanese cute woman relief, stained glass relief, animal_ears, buzz , blue_rose, , brown_hair, flower, , hat, horse_ears, horse_girl, horse_tail, jacket, long_hair, looking_at_viewer, purple_eyes, purple_hat, rose,  , skirt, smile, solo, standing, tail,  ,Taste the Rainbow, looking at viewer,Skittles"
217,"ballpoint pen \(medium\), thick outlines,, nihonga, 1girl, adult woman, eyelashes, looking at viewer, [[parted lips]], tareme, large eyes,  detailed eyes, shoulder, single off shoulder, spaghetti strap, ,low key lighting, ((blending)), , depth, masterpiece, very aesthetic, absurdres,onono imoko,tsubonari,soejima shigenori, [[[[[andava]]]]], [[[(akai sashimi)]]],[[[ogipote]]],, [[[[sabu \(sabudenego\)]]]],  ((window \(computing\))), cyberspace, virtual reality, Robert Crumb Style, [[sketch]]"
218,"((hishi_miracle_(umamusume), buzz, 1girl ), holding  potato chips bag, eating potato chips, potato_chips, 1girl, long skirt, (need_buzz, need_buzz, holding sign, holding sign ), animal_ears, chips_(food), eating, food, dfc, grey_hair, horse_ears, horse_girl, horse_tail), lazy, lying, umamusume, medium_hair, muffin_top, ((hishi_miracle_(umamusume),buzz, 1girl), eating potato chips, potato_chips,1girl, , long skirt ,(need_buzz, buzz, need_buzz, holding  potato chips bag, holding sign, holding sign ), many  potato chips background, many Deep-Fried & Crispy foods,animal_ears,   eating food, DFC, grey_hair, horse_ears, horse_girl, horse_tail, lazy, lying,  , umamusume,medium_hair, muffin_top, , ,  school_uniform, , solo, tail,tracen_school_uniform, sitting on couch,, solo, tail, tracen_school_uniform, sitting on couch, yellow sofa, yello wall, cracker biscuit wall paper"
219,"1girl, citlali \(genshin impact\), genshin impact, alternate costume, barefoot, black hoodie, blue eyes, blunt tresses, blush, braid, breasts, closed mouth, embarrassed, facial mark, forehead mark, hair intakes, hand up, hood, hoodie, indoors, long hair, looking at viewer, low twin braids, medium breasts, nail polish, pink hair, purple nails, sitting, solo, triangle, triangle facial mark, twin braids, very long hair, wariza, masterpiece, high score, great score, absurdres"
220,"cf_style, mecha, standing, bulky body, energy cannons on back, ruined city background, masterpiece, high score, best quality, absurdres,"
221,"Highest quality, masterpiece, pop art, girl,  fullbody, simple room,"
222,"masterpiece, best quality, very aesthetic, 1girl, solo, dark hair, long hair, blue eyes, looking at viewer, holding rose, half-closed eyes, white collared shirt, brown vest, pleated skirt, long skirt, sitting, knees up, upper body, day, Eleanor \(people's works\), boat, river, cloud, blue sky, from below"
223,"(umamusume,rice_shower_(umamusume),) 1girl,  long_hair, rice shower \(umamusume\), solo,  (need_buzz, buzz, need_buzz, holding sign, holding sign ), long_hair, looking_at_viewer, purple_eyes, purple_hat, rose, shaded face, fake smile, nervous sweat, wavy mouth,f, Made of chocolate board, long skirt, outdoor,pg,blue flower, wood design jacket, blue rose, (animal_ears, blue_skirt, brown_hair, flower, hair_over_one_eye, hat, horse_ears, horse_girl, horse_tail, jacket,  standing, tail,  linea_alba, looking at viewer,   rom side, , very awa, general, :0.6)"
224,"masterpiece, very aesthetic, absurdres, newest, landscape, blood orange style, mountains, valley, river, clouds"
225,"(deer elven average girl:1.2),fantasy,explicit,slightly tanned skin,deer elven average girl,(Holding up a plaque sign that says please give me buzz!:1.3),(deer ears:1.1),(deer big antlers:1.2),(ripped lightweight white elven mini dress:1.5),(half of the body:1.1),green eyes,fantasy forest, mystical, dreamy,impressionist, ethereal, warm lighting, sad mood, masterpiece,high score, best quality, very aesthetic, absurdres,year 2025,currect text,,"
226,"1boy, sad, faceless, sit, knight, armor, short hair, dark hair, parted lips,1girl, hug from behind, pale, dark hair, long hair, faceless, white dress,dark background, particle,masterpiece, high score, great score, absurdres"
227,"cowboy_shot,civchan,pink hair,purple eyes,creepy girl,glowing eyes,sinister smile,sharp teeth,evil grin,outstretched_arms,gothic,eerie cemetery,night mist,horror lighting,black dress,dramatic eye focus,spooky expression,realistic face,pale skin,long flowing hair,ultra-detailed,(masterpiece:2),(best quality:1.1),Cinematic Lighting,(illustration, 8k CG, extremely detailed),,,,"
228,"1boy, safe, fire, solo, fire skin, puppet, faceless, hair covering face, long hair, fire hair, fire shogun armor, bare feet, dynamic pose, fighting stance, holding fire katana, 2-handed fire weapon, fire blade, motion effect, fighting effect, fire effect, masterpiece, high score, great score, absurdresnisino2222, 1boy, skeleton, spot color, looking afar, standing, leaning on glaive \(polearm\),  tattered robe, stone wall, tapestry, shadow, masterpiece, high score, great score, absurdres, (yanje:0.4), threads, string, melting"
229,"1girl, hannah, (aged up), general,  (furry), white fur, white hair, long hair, striped hair, pink eyes, blue shimmer, close-up, head tilt, leaning forward,  wide grin, collared shirt, black coat, off-shoulder, dark background, from side, (artist:mappaninatta:1.10), (artist:waterkuma:0.95), (artist:akizero1510:1.10), (artist:kawacy:1.05), artist:kujou karasuma, (artist:ru zhai:1.05), (artist:tetsurou \(fe+\):0.95), artist:nardack, year 2023,masterpiece, high score, great score, absurdres, playing card, abstract background,"
230,"1girl, solo, mature female, samurai, tall, toned female,  long black hair, single hair bun,  silver armor, holding sword, hand on own knee, bloody katana, sword planted into ground, sad, facial scar, serious, small breasts, full body, facing right, on one knee, from side,"
231,"(si10ra:1.10), (gusha s:0.91), (wanke:0.91), (yoneyama mai:0.91), (wlop:0.91), (silvertsuki:0.91), (hiro \(dismaless\):0.91), (no line art), feather cape, white feathers, painterly, ((heavy fog)), (vapor), haze, cinematic lighting, simple background, dark blue background,masterpiece, high score, great score, absurdres,"
232,"1girl, solo, long hair, skirt, hair ornament, hair flower, smile, flower, lying, on stomach, black hair, socks, bangs, white shirt, shirt, black eyes, black socks, white background, black skirt, short sleeves, grin, school uniform, head rest, no shoes, pleated skirt, bow, looking at viewer, white flower, simple background, collared shirt, blunt bangs, blush,masterpiece, best quality, very aesthetic, 7481llu, usnr, high score, great score, absurdres, ,"
233,"Highest quality, masterpiece, landscape, sky, sunset, ink art, ray light,"
234,"masterpiece, high score, great score, absurdres, 1girl, solo, LavenderLoRa, pastel colours , flowing dress, cardigan, eyeshadow, pastel hair, loose waves,Tilt Shot with Zoom, Clasping hands behind back , Sphinx's Enigma: Sphinx-like posing riddles with outstretched wings an enigmatic guardian of secrets., ,"
235,"1girl, furry,yagi \(s1120411\), (cutesexyrobutts:0.9), full body, straight-on, floating, floating hair, looking up, reaching, caustics, masterpiece, high score, great score, absurdres,1girl,furry female,anthro,snow fox girl,white fur,cropped bangs, looking up, upper body, scared, reaching up, palms together,  pink sky, cumulonimbus cloud,white fur, blue dress, long dress, barefoot,"
236,"1girl, souryuu asuka langley, neon genesis evangelion, sensitive, solo, eyepatch, red plugsuit, sitting on throne, crossed legs, head tilt, holding weapon, lance of longinus \(evangelion\), cowboy shot, depth of field, faux traditional media, painterly, impressionism, masterpiece, high score, great score, absurdres"
237,"1girl, remilia scarlet, touhou, sensitive, solo, dutch angle, looking at viewer, hands up, one eye closed, frilled sleeves, frills, hair between eyes, hat, hat ribbon, indoors, light blush, light particles, long sleeves, medium hair, mob cap, open mouth, upper teeth only, smile, red eyes, red ribbon, red sash, sash, white hat, wide sleeves, window, bat wings, anime coloring, depth of field, masterpiece, high score, great score, absurdres"
238,"1girl, hatsune miku, vocaloid, sensitive, blue eyes, blue hair, bowl, can, chopsticks, collared shirt, detached sleeves, eating, elbow rest, fish \(food\), food, holding, holding chopsticks, katsudon \(food\), long hair, long sleeves, looking at viewer, meal, nail polish, necktie, noodles, onigiri, solo, plate, ramen, sashimi, shirt, shrimp, shrimp tempura, sleeveless shirt, spring onion, tempura, twintails, masterpiece, high score, great score, absurdres"
239,"1girl, citlali \(genshin impact\), genshin impact, alternate costume, barefoot, black hoodie, blue eyes, blunt tresses, blush, braid, breasts, closed mouth, embarrassed, facial mark, forehead mark, hair intakes, hand up, hood, hoodie, indoors, long hair, looking at viewer, low twin braids, medium breasts, nail polish, pink hair, purple nails, sitting, solo, triangle, triangle facial mark, twin braids, very long hair, wariza, masterpiece, high score, great score, absurdres"
240,"girl, iwakura lain, serial experiments lain, sensitive, asymmetrical hair, bare shoulders, breasts, brown hair, cable, closed mouth, computer, crt, dark, dress, gun, hair ornament, hairclip, handgun, indoors, looking at viewer, monitor, red eyes, short hair, solo, sig sauer, sleeveless, small breasts, weapon, white dress, x hair ornament, darkness, dark room, from above, photo background, spot colors, dutch angle, dark, chromatic aberration, faux traditional media, masterpiece, high score, great score, absurdres"
241,"1girl, blood mage, swirling blood that reacts to her emotions, forming shapes and patterns, elegant red and black robes, long, flowing crimson hair, intense, passionate brown eyes, holding a blood-infused dagger, in a gothic ritual chamber with pools of blood, dim, flickering candlelight, powerful and dangerous, masterpiece, best quality, very aesthetic, 7481llu, usnr, high score, great score, absurdres, ,"
242,"🌇🇷🇺🇺🇦👩🏼‍🤝‍👨🏾♥️❄️, czajka,, grey_eyes, brown_updo_hair"
243,"1girl, solo, teen,light teal hair,bob cut,short fluffy hair,light teal eye, looking down, feet dangling, japanese clothes, kimono, floating crescent moon, sitting on the crescent moon, the tranquil lake, reflected in water, still water, toes lightly touching the water, gentle ripples,surreal, ethereal lighting, dreamy atmosphere, otherworldly scene, reflected moon, see-through, silver necklace,blush, light_smile,delicate facial features, absolutely eye-catching, depth of field, ambient occlusion, ray_tracing, masterpiece, best quality, very aesthetic, 7481llu, usnr, high score, great score, absurdres, ,"
244,"1girl, solo, blue eyes, looking at viewer, night, sky, star \(sky\), outdoors, looking back, night sky, railing, city lights, bangs, off shoulder, starry sky, jacket, closed mouth, sweater, upper body, medium hair, cityscape, hood, city,masterpiece, best quality, very aesthetic, 7481llu, usnr, high score, great score, absurdres, ,"
245,"1girl, solo, long hair, socks, skirt, school uniform, blue eyes, white socks, black footwear, loafers, shoes, serafuku, long sleeves, pleated skirt, full body, sailor collar, star \(sky\), bangs, kneehighs, shirt, black hair, neckerchief, hair ornament, white neckerchief, black background, starry sky, floating, sky, constellation, hairclip,masterpiece, best quality, very aesthetic, 7481llu, usnr, high score, great score, absurdres, ,"
246,"1girl, solo, long hair, looking at viewer, smile, open mouth, bangs, blue eyes, hair ornament, long sleeves, jewelry, flower, grey hair, teeth, necklace, blood, heterochromia, ring, cross, x hair ornament, black nails, veil, nun, habit, masterpiece, best quality, very aesthetic, 7481llu, usnr, high score, great score, absurdres, ,"
247,"depth_of_field, subject_focus, space, galaxy, cowboy shot, floating, 1girl, white hair, blue eyes, alien bodysuit, medium breasts, long hair, bangs, dark blue halo, galaxy skin,masterpiece, best quality, very aesthetic, 7481llu, usnr,volumetric lighting, ambient light, soft light,ambient occlusion, high score, great score, absurdres, ,"
248,"1girl, solo, japanese clothes, umbrella, kimono, blue eyes, oil-paper umbrella, cherry blossoms, looking at viewer, black hair, blurry, blurry foreground, bangs, upper body, flower, depth of field, holding umbrella, floral print, long hair, hands up, own hands together, petals, masterpiece, best quality, very aesthetic, 7481llu, usnr, high score, great score, absurdres, ,"
249,"dark forest,mysterious female mage,black robe,glowing magic staff,surrounded by crows,fireflies glowing in the dark,walking alone,enchanted atmosphere,moonlight filtering through trees,cinematic lighting,volumetric fog,high contrast shadows,magical aura,fantasy setting,dynamic cape flow,intricate staff design,soft ambient glow,gothic fantasy style,dramatic composition,(masterpiece:2),best quality,ultra highres,original,extremely detailed,perfect lighting,,hakaseayaka,1girl with pink long hair and blue eyes,braided hair,bangs,,,"
250,"solo,anime coloring,looking at viewer,cowboy_shot,masterpiece,high score,great score,absurdres, iris_midgar, long hair, red hair, braid, red eyes,uniform,white pants,boots,"
251,"6girls, love live!, love live! sunshine! kousaka honoka, sonoda umi, minami kotori, talami chika, watanabe you, sakurauchi riko, barefoot, black kimono, black obi, black sash, blush, buddhist temple entrance, funeral kimono, full body, japanese clothes, japanese funeral, kimono, long sleeves, looking ahead, mourning, obi, one side up, own hands together, outdoors, sandals, sash, solo, standing, tabi, three quarter view, white socks, zouri"
252,"embedding:lazypos, 1girl, solo, maid, maid headdress, long dress, latex dress, white apron, small breasts, black hair, folded ponytail, swept bangs, gray eyes, glasses, confused, ?, holding object, clutching a large bundle of straw, looking at viewer"
253,"1girl, solo, tanned, blonde hair, blue eyes, long bob, smile, excited, arched back, spread arms, looking at viewer, barefoot, standing, school uniform, plain background, masterpiece, high score, great score, absurdres"
254,"1girl, solo, honey_blonde_hair, stargazing, telescope, curiosity_in_eyes, plaid_blanket, night_on_the_hill, masterpiece, high score, great score, absurdres"
255,"1girl, solo, fairy girl, upper body, off-center, sad, (transparent body:1.2), oil wings, circlet, flower, petals, dark theme, polarized, hazy air, blurry background, fantastic, fantasy, beautiful, iridescence, masterpiece, best quality, very aesthetic, 7481llu, usnr, high score, great score, absurdres, ,"
256,"looking at mirror, out of frame, solo focus, 1girl, blue eyes, short hair, toothbrush, brushing teeth, pajamas, hairband, black hairband, bangs, white hair, shirt, collarbone, long sleeves, upper body, blush, blue shirt, holding, grey hair, indoors, ribbon, black ribbon, hair ribbon"
257,"1girl, animal ears, frills, ribbon, hair ornament, bright blue eyes, grey hair, very long hair, looking at viewer, scarf, autumn, leaves, masterpiece, best quality, very aesthetic, 7481llu, usnr, high score, great score, absurdres, ,"
258,"very aesthetic, best quality, masterpiece, absurdres, newest, ((1boy)), male, cute and delicate features, pale skin, slim and slightly lanky, dark eyebags, pink eyes, slightly tousled hair, ((wolf cut hairstyle—textured, voluminous top, shorter sides, wispy layered back)), black hair with grey highlights, oversized sweater or cardigan slipping off one shoulder, white button-up shirt partially unbuttoned, loose tie, untucked shirt, baggy slacks, visible collarbones, flushed cheeks, slightly sleepy expression, silver rimless glasses slipping down his nose, holding books or notes, vintage academia, school grounds, soft cinematic lighting, subtle glow, lowkey cute but disheveled, nerd aesthetic without being caricatured, intelligent eyes,"
259,"A colossal cruise ship transformed by qu4ntum energy, gliding majestically through deep space. Its hull shimmers with quantum-infused machinery, blending sleek futuristic design with rebellious artistic flourishes  glowing fractal patterns, shifting metallic plates, and pulsing energy conduits. Stars streak by as the ship pierces through a nebula, leaving behind trails of warped space-time. The scene feels epic, cinematic, and full of quantum marvel. wide-angle view, Masterpiece, best quality, amazing quality, very aesthetic, high resolution, ultra-detailed, absurdres,"
260,"A colossal qu4ntum-infused pirate space cruise ship hurtles through a collapsing wormhole, pursued by a fractal cyberpunk dragon spewing antimatter lightning. On the shipâs deck, a punk rock band with quantum-encoded instruments battles a swarm of interdimensional shadow beasts â time-loop anomalies flickering between realities. Overhead, a cosmic cat god lounges on a throne of twisting nebulae, its purr distorting space-time itself. Meanwhile, a massive cyber-kraken bursts from a hyperspace rift, wrapping its shimmering metallic tentacles around the ship, pulling it toward a black hole core surrounded by shattered planets and luminous fractal storms. The entire scene is illuminated by collapsing stars, neon lightning, and rippling waves of quantum energy, as reality bends, breaks, and rebuilds itself in an endless cycle of cosmic rebellion. wide-angle view, Masterpiece, best quality, amazing quality, very aesthetic, high resolution, ultra-detailed, absurdres,"
261,"one girl. Chibi character - large round blue eyes, rosy cheeks, fluffy bright yellow hair. a costume in the airs, attack on titan.sehr traurig. yellow background. There are tears in my eyes."
262,"one girl. Chibi character - large round blue eyes, rosy cheeks, fluffy bright yellow hair. a costume in the airs, attack on titan.sehr traurig. yellow background."
263,"1girl, long hair, pointy ears, twintails, jewelry, elf, earrings, capelet, white capelet, long sleeves, parted bangs, dress, belt, flower, smirk, sitting in chair, leaning on one elbow, slumped to the side, legs crossed, white hair, finger on her lip, emerald eyes. glowing eyes, maniac, slight smirk with teeth, Yandere, detailed hands, perspective, from below, looking at viewer,masterpiece, best quality, very aesthetic, 7481llu, usnr, high score, great score, absurdres, ,"
264,"1girl, love live! kousaka honoka, barefoot, black kimono, black obi, black sash, blush, buddhist temple entrance, funeral kimono, full body, japanese clothes, japanese funeral, kimono, long sleeves, looking ahead, mourning, obi, one side up, own hands together, outdoors, sandals, sash, solo, standing, tabi, three quarter view, white socks, zouri"
265,"1girl, solo, bangs, skirt, shirt, black hair, ribbon, white shirt, short sleeves, lying, wings, collared shirt, on back, red ribbon, neck ribbon,outstretched arms, masterpiece, best quality, very aesthetic, 7481llu, usnr, high score, great score, absurdres, ,"
266,"flower, sky, day, indoors, cloud, blue sky, no humans, petals, window, leaf, sunlight, plant, bug, curtains, butterfly, scenery, pink flower, potted plant, falling petals, blue butterfly, flower pot, open window, yellow butterfly, windowsill, limited palette, masterpiece, best quality, very aesthetic, 7481llu, usnr, high score, great score, absurdres, ,"
267,"1girl, dark blue hair, blue track jacket, dark grey pants, hands in pockets, open mouth, closed eyes, yawning, cowboy shot, standing, simple background, blue background, bags under eyes, messy hair, long hair, bangs, long sleeves, open jacket, white shirt, solo,masterpiece, best quality, very aesthetic, 7481llu, usnr,volumetric lighting, ambient light, soft light,ambient occlusion, high score, great score, absurdres, ,"
268,"1girl, solo, scarf, school uniform, long hair, plaid scarf, hair ornament, serafuku, brown eyes, plaid, long sleeves, snowflake hair ornament, shirt, open mouth, looking at viewer, blush, sailor collar, upper body, black hair, black shirt, neckerchief, bangs, black serafuku, grey scarf, black sailor collar, smile, blush, white neckerchief, snowflakes, grey background,  masterpiece, best quality, very aesthetic, 7481llu, usnr, high score, great score, absurdres, ,"
269,"standing, front view, face focus, looking at viewer, purple eyes, pink hair, very long hair, braid, single hair bun, hair ornament, hair ribbon, purple ribbon, large breasts, frilled choker, neck ribbon, halterneck, white dress, center frills, frilled dress, see-through sleeves, sleeves past wrists, bare shoulders, looking at viewer, blush, holding, upper body, flower, outdoors, sky, cloud, white dress, hair bun, sunset, holding flower, sunflower, 1girl, solo, long hair, looking at viewer,dress, holding, ribbon, open mouth, smile, bare shoulders, purple eyes, upper body, pink hair, hair ribbon, flower, outdoors, sky, cloud, white dress, hair bun, blurry, sweatdrop, sunset, holding flower, sunflower, sun, single side bun,masterpiece, best quality, very aesthetic, 7481llu, usnr, high score, great score, absurdres, ,"
270,"1girl, woman, white hair, hair bun, double bun, blunt bangs, multi-tied hair, pigtails, orange eyes,  dark makeup, long_lashes, dynamic pose, red lingerie, lace lingerie, long skirt, lace skirt, high slit, lace trim, abstract background, black background, flower,masterpiece, best quality, very aesthetic, 7481llu, usnr, high score, great score, absurdres, ,"
271,"cf_style, mecha, standing, bulky body, energy cannons on back, ruined city background, masterpiece, high score, best quality, absurdres,"
272,"(masterpiece, newest, dynamic angle), anime, 1girl, portrait, standing, upper body, petite, black hair, blue eyes, long hair, bioluminescent frilly blouse, blue blouse, red short skirt, bioluminescent stripes, looking at viewer, bioluminescent forest, 3nch4nt3d f0r3st"
273,"(masterpiece, newest, dynamic angle), anime, 1girl, portrait, upper body, petite, black hair, blue eyes, long hair, black frilly blouse, carbon fiber blouse, carbon fiber, brown belt, red short skirt, looking at viewer, indoors, cf_style"
274,"1girl, cockpit, mecha, mecha pilot suit, open mouth, furrowed brow, front view, holographic interface, science fiction, shade, colored lights, braided bangs, bangs, white hair, pink eyes, determined, piloting, holographic monitor, masterpiece, best quality, very aesthetic, 7481llu, usnr,volumetric lighting, ambient light, soft light,ambient occlusion, high score, great score, absurdres, ,"
275,"masterpiece, best quality, very aesthetic, absurdres, safe, 1girl, pottsness, trypaint, hitomiz, ciloranko:1.1, noyu \(noyu23386566\), wanke, minato_ojitan, (z282g:1.3), game cg, official art, oldest, by asteroid ill, 4k, (masterpiece, best quality, best aesthetic), exquisite, intricately detailed, gradient eyes, painterly, vector illustration, subject focus:1.1, perfect anatomy, official art, absurdres, solo, best quality, perfect anatomy, newest, new, empty eyes,best aesthetic, best quality, ultra detailed, intricate details, new, newest, glossy hair, moist skin, 18 years old, adult woman, medium breasts, blurry background, depth perception, solo, subject focus:1.1, depth perception, solar flare, forehead, wind, breeze, wind in hair, flowing hair, solo, shade, leaves, grass, below, sitting, against tree, tree, sky, blue sky, sunlight, sraight on, light particles, fate \(series\), fate/stay night, artoria pendragon (fate), saber \(fate\), ahoge, armor, armored dress, hooded eyes, close-up, , , ,"
276,"1girl, shiroko \(blue archive\), blue archive, ciloranko, long hair, grey hair, blue eyes, animal ears, halo, scarf, white shirt, name tag, suit jacket, necktie, v, head tilt, field, wind, sensitive, masterpiece, high score, great score, absurdres"
277,"Fractangles, mecha made out of fractangles, standing, dark blue and black color, safe, masterpiece, best quality, high score, absurdres,"
278,"1girl wizard hat, wizard coat, very wide shot, green plains, blue sky, clouds, grass, tall grass, solo, holding staff, black hair, low twin braids, bangs, closed mouth, looking at viewer, floating hair, outdoors, fantasy, mountainous horizon, scenery, landscape, casting spell, 1tree, tree shade, flowers,masterpiece, best quality, very aesthetic, 7481llu, usnr, high score, great score, absurdres, ,"
279,"1girl, knees together feet apart, black pantyhose, white dress, holographic clothing, v, grin, blush, looking at viewer, dark blue hair, long hair, bangs, holographic hair ornament, digital background, floating cubes, blue cubes, abstract background, cyber,masterpiece, best quality, very aesthetic, 7481llu, usnr,volumetric lighting, ambient light, soft light,ambient occlusion, high score, great score, absurdres, ,"
280,"1girl, hikawa sayo, solo, hanasakigawa school uniform, long hair, umbrella, school uniform, green eyes, flower, holding, hydrangea, brown dress, outdoors, ribbon, bag, neck ribbon, transparent, holding umbrella, long sleeves, red ribbon, dress, aqua hair, rain, looking at viewer, transparent umbrella, parted lips, bangs, buttons, double-breasted, blush, school bag, cowboy shot, breasts, medium breasts, sailor dress, pleated dress, rainbow, sailor collar, standing, swept bangs, day, hand up, masterpiece, best quality, very aesthetic, 7481llu, usnr, high score, great score, absurdres, ,"
281,"A minimalist, silhouette-style portrait of Morrigan Aensland from Darkstalkers. Her figure is depicted in stark black against a muted, monochromatic background, with only her iconic bat-winged headpiece subtly highlighted. Her posture is slouched, conveying a sense of melancholy. The composition is simple, focusing solely on her silhouette to evoke a somber mood,masterpiece, best quality, very aesthetic, 7481llu, usnr, high score, great score, absurdres, ,"
282,"1girl, solo, scarf, school uniform, long hair, plaid scarf, hair ornament, serafuku, brown eyes, plaid, long sleeves, snowflake hair ornament, shirt, open mouth, looking at viewer, blush, sailor collar, upper body, black hair, black shirt, neckerchief, bangs, black serafuku, grey scarf, black sailor collar, smile, blush, white neckerchief, snowflakes, grey background,  masterpiece, best quality, very aesthetic, 7481llu, usnr, high score, great score, absurdres, ,"
283,"silhouette, 1girl, solo, walking, bird, crow, cityscape, at evening, city, blurry foreground, polarized,masterpiece, best quality, very aesthetic, 7481llu, usnr,high score, great score, absurdres,,"
284,"1girl, long hair, white tank top, spandex shorts, standing, hand on hip, bicycle, street, blue sky, ((sweat)),perspire,smile, shading eyes, sun, open mouth,masterpiece, best quality, very aesthetic, 7481llu, usnr, high score, great score, absurdres, ,"
285,"1girl, solo, long hair, breasts, looking at viewer, blush, smile, open mouth, large breasts, hair ornament, dress, holding, bare shoulders, yellow eyes, pink hair, flower, heart, sleeveless, solo focus, hair flower, white dress, hair bun, speech bubble, halo, fingernails, symbol-shaped pupils, sleeveless dress, saliva, heart-shaped pupils, scrunchie, hand on own chest, spoken heart, purple flower, single side bun, holding bottle, wrist scrunchie, lower teeth only, masterpiece, best quality, very aesthetic, 7481llu, usnr, high score, great score, absurdres, ,"
286,"1girl, bare shoulders, beret, black choker, braid, breasts, choker, collarbone, cowboy shot, earrings, eyelashes, eyeliner, eyeshadow, fangs, fingernails, flower, green eyes, hair between eyes, hair flower, hair ornament, hand up, hat, jewelry, long fingernails, very long hair, long sleeves, looking at viewer, makeup, multiple rings, nail polish, off-shoulder shirt, off shoulder, open mouth, red eyeshadow, red flower, red hair, red headwear, red lips, ring, sharp fingernails, shirt, single earring, smile, solo, teeth, twin braids, upper teeth only, white background, white shirt, masterpiece, best quality, very aesthetic, 7481llu, usnr, high score, great score, absurdres, ,"
287,"absurdres, high resolution, 8k, highest quality, best quality, masterpiece, extremely detailed, detailed background, high definition, perfect anatomy, perfect eyes, perfect fingers, perfect lips, very high resolution, extremely detailed, highly detailed, detailed face, detailed eyes, high, quality, open eyes, cute face, half body, A-RRS, KITSUNE Fox, female, robotanimestyle, smug, ROBOTARTSTYLE"
288,"elegant woman made of pearlescent light, soft glowing skin with iridescent shine, flowing suit that ripples like liquid pearl, dreamy expression, surrounded by floating pearl orbs, pastel background haze, high detail, soft focus, graceful pose, masterpiece, high score, great score, absurdres, high definition,anime style,usnr"
289,"young girl, blue eyes, sleek straight blue hair, cat ears, reddish face,Fair skin (soft blush),white blouse, masterpiece, best quality, white background，delicate,anime style, exquisite, color correction，1024*1024"
290,"1girl, nsfw, mature, platinum wavy hair,sunglasses on forehead, blue eyes, looking at viewer, looking back, curious, white fur coat, night, street, retro artstyle, screencap, masterpiece, high score, great score, absurdres"
291,"absurdres, high resolution, 8k, highest quality, best quality, masterpiece, extremely detailed, detailed background, high definition, perfect anatomy, perfect eyes, perfect fingers, perfect lips, very high resolution, extremely detailed, highly detailed, detailed face, detailed eyes, high, quality, open eyes, cute face, half body, A-RRS, KITSUNE Fox, female, robotanimestyle, smug, ROBOTARTSTYLE"
292,"masterpiece, best quality, 1girl, solo, eyelashes, (beautiful eyes), ,, ,[], (portrait, eyes focus), TinkerWaifu,,Blonde hair, single hair bun, blue eyes,,fairy wings, blue eyes, [Floral Fairy], bright yellow and pink floral dress with petals flowing along the hem, delicate butterfly-shaped wings made from soft flower petals, flower crown woven from daisies, thin vine belt with hanging blossoms, barefoot with flower-shaped anklets, standing in a blooming meadow with wildflowers surrounding her, sunlight casting a golden glow, ,[], (foreshortening), detailed eyes, outdoors, night, full moon, dark, fog, bokeh, luminescent background, looking at viewer, smile,"
293,"absurdres, high resolution, 8k, highest quality, best quality, masterpiece, extremely detailed, detailed background, high definition, perfect anatomy, perfect eyes, perfect fingers, perfect lips, very high resolution, extremely detailed, highly detailed, detailed face, detailed eyes, high, quality, open eyes, cute face, half body, A-RRS, KITSUNE Fox, female, robotanimestyle, smug, ROBOTARTSTYLE"
294,"masterpiece, best quality, high quality, ((sfw)), intricate detail, vivid, bright colors, glow, fantasy, 1girl, knight, armor, warrior, long skirt, delicate patterns, serious, low twintails, cute, kawaii, outdoors, sunlight, seaside, lights, art, aesthetic,"
295,"(masterpiece, newest, dynamic angle), anime, 1girl, portrait, standing, upper body, petite, black hair, blue eyes, long hair, bioluminescent frilly blouse, blue blouse, red short skirt, bioluminescent stripes, looking at viewer, bioluminescent forest, 3nch4nt3d f0r3st"
296,"1girl,safe,volumetric lighting,backlighting,strong light,shadow,full body,high contrast,masterpiece, high score, great score, absurdres,"
297,"girl, sensitive, asymmetrical hair, The back is illuminated, cable, closed mouth, battledress, computer, bodysuit, Skinny pants, Soft light, hair ornament, hairclip, Open jacket, glowing blue butterfly, indoors, looking at viewer, Multiple monitors, red eyes, short hair, solo, small breasts, dark room,(from above), photo background, spot colors, dutch angle, chromatic aberration, high score, great score"
298,"(  loves only you \(umamusume\) , umamusume, loves_only_you_(umamusume),  1girl, animal_ears, asymmetrical_gloves, black_coat, black_gloves, black_hat, blush, breasts, , coat, diamond-shaped_pupils, diamond_(shape), dress, facial_mark, frilled_sleeves, frills, from_above, gloves, hat, heart, heart_facial_mark, heart_hands, heart_on_cheek, horse_ears, horse_girl, horse_tail, , long_hair, long_sleeves, looking_at_viewer, mini_hat, mini_top_hat, mismatched_gloves, mole,  : 1.2) long skirt , shirt, Bioluminescent World, Tongue out, closed mouth,mole_on_neck, multicolored_hair, red_hair, smile, solo, streaked_hair, symbol-shaped_pupils, tail, top_hat, two-tone_hair, white_dress, white_gloves, white_hair, yellow_eyes"
299,"score_9,score_8_up,score_7_up,score_6_up,score_5_up,1girl, score_4_up,Rainbow Dash from My Little Pony,anthro female, short hair,red_eyes,heterochromia,slit pupils,sparkles in wand, light particles,glowing,rainbow pattern,constellation,a starry night sky,observed from the ground,glowing clouds,nebulae, glowing eyes,spiked bracelets,blue skin,colored skin,rainbow hair,purple eyes,curvy,frown,smile,clenching fists,tongue,grin, wide hips,thick thighs,thick legs,medium breasts,narrow waist, supermarket,tiles,rainbow lights,(sparkles:1.4),security camera, cloud print shirt,long shirt,white shirt,black jacket,cargo pants, green pants,sci-fi,wings,painted floor,security signs,pennants, (hand sign),(sunrays),shiny skin,dynamic pose,holding energy drink,rainbow orb,dark green pants,sports clothes,(floating), (orbs on air),(jewelry),(motion lines:1.4),(thick outlines:1.4),4k, (trembling lines:1.4),(clouds),(toys),wooden buildings,(sweat), steam,steamy breath,holding bottle,(spoken star),(gun case), masterpiece,best quality,newest,absurdres,best shadow,high quality,highly detailed background,extremely detailed soaked skin,very detailed clothes),skindentation,illustration,amazing quality,very aesthetic,(very detailed hair),highly detailed eyes, 4k,highres,depth of field,sharp focus,big eyes,frown,(spoken anger vein),dynamic shot,(comic panel),"
